Workbook
Name Antall_uker_i_turnus_1_8_dropdown: #REF!
Name Ja_og_nei: #REF!
Name kost: #REF!
Name Ukedager: #REF!
Name UkeSatsTimer: #REF!

Sheet Vaktplan
A1: Turnus Planlegger | L1: This Workbook was created by Tom Erik Revheim. T.e.revheim@hotmail.com | M1: Dokumentets eies av tom Erik Revheim
A2: Uke: | C2: 1 | H2: Uke: | J2: 2 | O2: Uke: | Q2: 3 | V2: Uke: | X2: 4 | AC2: Uke: | AE2: 5 | AJ2: Uke: | AL2: 6 | AQ2: Uke: | AS2: 7 | AX2: Uke: | AZ2: 8 | BE2: Uke: | BG2: 9 | BL2: Uke: | BN2: 10 | BS2: Uke: | BU2: 11 | BZ2: Uke: | CB2: 12
A3: =IF($G$38="Mandag","m",IF($G$38="Tirsdag","t",IF($G$38="Onsdag","o",IF($G$38="Torsdag","t",IF($G$38="Fredag","f",IF($G$38="Lørdag","l",IF($G$38="Søndag","s","N/A"))))))) -> m | B3: =IF($G$38="Mandag","t",IF($G$38="Tirsdag","o",IF($G$38="Onsdag","t",IF($G$38="Torsdag","f",IF($G$38="Fredag","l",IF($G$38="Lørdag","s",IF($G$38="Søndag","m","N/A"))))))) -> t | C3: =IF($G$38="Mandag","o",IF($G$38="Tirsdag","t",IF($G$38="Onsdag","f",IF($G$38="Torsdag","l",IF($G$38="Fredag","s",IF($G$38="Lørdag","m",IF($G$38="Søndag","t","N/A"))))))) -> o | D3: =IF($G$38="Mandag","t",IF($G$38="Tirsdag","f",IF($G$38="Onsdag","l",IF($G$38="Torsdag","s",IF($G$38="Fredag","m",IF($G$38="Lørdag","t",IF($G$38="Søndag","o","N/A"))))))) -> t | E3: =IF($G$38="Mandag","f",IF($G$38="Tirsdag","l",IF($G$38="Onsdag","s",IF($G$38="Torsdag","m",IF($G$38="Fredag","t",IF($G$38="Lørdag","o",IF($G$38="Søndag","t","N/A"))))))) -> f | F3: =IF($G$38="Mandag","l",IF($G$38="Tirsdag","s",IF($G$38="Onsdag","m",IF($G$38="Torsdag","t",IF($G$38="Fredag","o",IF($G$38="Lørdag","t",IF($G$38="Søndag","f","N/A"))))))) -> l | G3: =IF($G$38="Mandag","s",IF($G$38="Tirsdag","m",IF($G$38="Onsdag","t",IF($G$38="Torsdag","o",IF($G$38="Fredag","t",IF($G$38="Lørdag","f",IF($G$38="Søndag","l","N/A"))))))) -> s | H3: =IF($G$38="Mandag","m",IF($G$38="Tirsdag","t",IF($G$38="Onsdag","o",IF($G$38="Torsdag","t",IF($G$38="Fredag","f",IF($G$38="Lørdag","l",IF($G$38="Søndag","s","N/A"))))))) -> m | I3: =IF($G$38="Mandag","t",IF($G$38="Tirsdag","o",IF($G$38="Onsdag","t",IF($G$38="Torsdag","f",IF($G$38="Fredag","l",IF($G$38="Lørdag","s",IF($G$38="Søndag","m","N/A"))))))) -> t | J3: =IF($G$38="Mandag","o",IF($G$38="Tirsdag","t",IF($G$38="Onsdag","f",IF($G$38="Torsdag","l",IF($G$38="Fredag","s",IF($G$38="Lørdag","m",IF($G$38="Søndag","t","N/A"))))))) -> o | K3: =IF($G$38="Mandag","t",IF($G$38="Tirsdag","f",IF($G$38="Onsdag","l",IF($G$38="Torsdag","s",IF($G$38="Fredag","m",IF($G$38="Lørdag","t",IF($G$38="Søndag","o","N/A"))))))) -> t | L3: =IF($G$38="Mandag","f",IF($G$38="Tirsdag","l",IF($G$38="Onsdag","s",IF($G$38="Torsdag","m",IF($G$38="Fredag","t",IF($G$38="Lørdag","o",IF($G$38="Søndag","t","N/A"))))))) -> f | M3: =IF($G$38="Mandag","l",IF($G$38="Tirsdag","s",IF($G$38="Onsdag","m",IF($G$38="Torsdag","t",IF($G$38="Fredag","o",IF($G$38="Lørdag","t",IF($G$38="Søndag","f","N/A"))))))) -> l | N3: =IF($G$38="Mandag","s",IF($G$38="Tirsdag","m",IF($G$38="Onsdag","t",IF($G$38="Torsdag","o",IF($G$38="Fredag","t",IF($G$38="Lørdag","f",IF($G$38="Søndag","l","N/A"))))))) -> s | O3: =IF($G$38="Mandag","m",IF($G$38="Tirsdag","t",IF($G$38="Onsdag","o",IF($G$38="Torsdag","t",IF($G$38="Fredag","f",IF($G$38="Lørdag","l",IF($G$38="Søndag","s","N/A"))))))) -> m | P3: =IF($G$38="Mandag","t",IF($G$38="Tirsdag","o",IF($G$38="Onsdag","t",IF($G$38="Torsdag","f",IF($G$38="Fredag","l",IF($G$38="Lørdag","s",IF($G$38="Søndag","m","N/A"))))))) -> t | Q3: =IF($G$38="Mandag","o",IF($G$38="Tirsdag","t",IF($G$38="Onsdag","f",IF($G$38="Torsdag","l",IF($G$38="Fredag","s",IF($G$38="Lørdag","m",IF($G$38="Søndag","t","N/A"))))))) -> o | R3: =IF($G$38="Mandag","t",IF($G$38="Tirsdag","f",IF($G$38="Onsdag","l",IF($G$38="Torsdag","s",IF($G$38="Fredag","m",IF($G$38="Lørdag","t",IF($G$38="Søndag","o","N/A"))))))) -> t | S3: =IF($G$38="Mandag","f",IF($G$38="Tirsdag","l",IF($G$38="Onsdag","s",IF($G$38="Torsdag","m",IF($G$38="Fredag","t",IF($G$38="Lørdag","o",IF($G$38="Søndag","t","N/A"))))))) -> f | T3: =IF($G$38="Mandag","l",IF($G$38="Tirsdag","s",IF($G$38="Onsdag","m",IF($G$38="Torsdag","t",IF($G$38="Fredag","o",IF($G$38="Lørdag","t",IF($G$38="Søndag","f","N/A"))))))) -> l | U3: =IF($G$38="Mandag","s",IF($G$38="Tirsdag","m",IF($G$38="Onsdag","t",IF($G$38="Torsdag","o",IF($G$38="Fredag","t",IF($G$38="Lørdag","f",IF($G$38="Søndag","l","N/A"))))))) -> s | V3: =IF($G$38="Mandag","m",IF($G$38="Tirsdag","t",IF($G$38="Onsdag","o",IF($G$38="Torsdag","t",IF($G$38="Fredag","f",IF($G$38="Lørdag","l",IF($G$38="Søndag","s","N/A"))))))) -> m | W3: =IF($G$38="Mandag","t",IF($G$38="Tirsdag","o",IF($G$38="Onsdag","t",IF($G$38="Torsdag","f",IF($G$38="Fredag","l",IF($G$38="Lørdag","s",IF($G$38="Søndag","m","N/A"))))))) -> t | X3: =IF($G$38="Mandag","o",IF($G$38="Tirsdag","t",IF($G$38="Onsdag","f",IF($G$38="Torsdag","l",IF($G$38="Fredag","s",IF($G$38="Lørdag","m",IF($G$38="Søndag","t","N/A"))))))) -> o | Y3: =IF($G$38="Mandag","t",IF($G$38="Tirsdag","f",IF($G$38="Onsdag","l",IF($G$38="Torsdag","s",IF($G$38="Fredag","m",IF($G$38="Lørdag","t",IF($G$38="Søndag","o","N/A"))))))) -> t | Z3: =IF($G$38="Mandag","f",IF($G$38="Tirsdag","l",IF($G$38="Onsdag","s",IF($G$38="Torsdag","m",IF($G$38="Fredag","t",IF($G$38="Lørdag","o",IF($G$38="Søndag","t","N/A"))))))) -> f | AA3: =IF($G$38="Mandag","l",IF($G$38="Tirsdag","s",IF($G$38="Onsdag","m",IF($G$38="Torsdag","t",IF($G$38="Fredag","o",IF($G$38="Lørdag","t",IF($G$38="Søndag","f","N/A"))))))) -> l | AB3: =IF($G$38="Mandag","s",IF($G$38="Tirsdag","m",IF($G$38="Onsdag","t",IF($G$38="Torsdag","o",IF($G$38="Fredag","t",IF($G$38="Lørdag","f",IF($G$38="Søndag","l","N/A"))))))) -> s | AC3: =IF($G$38="Mandag","m",IF($G$38="Tirsdag","t",IF($G$38="Onsdag","o",IF($G$38="Torsdag","t",IF($G$38="Fredag","f",IF($G$38="Lørdag","l",IF($G$38="Søndag","s","N/A"))))))) -> m | AD3: =IF($G$38="Mandag","t",IF($G$38="Tirsdag","o",IF($G$38="Onsdag","t",IF($G$38="Torsdag","f",IF($G$38="Fredag","l",IF($G$38="Lørdag","s",IF($G$38="Søndag","m","N/A"))))))) -> t | AE3: =IF($G$38="Mandag","o",IF($G$38="Tirsdag","t",IF($G$38="Onsdag","f",IF($G$38="Torsdag","l",IF($G$38="Fredag","s",IF($G$38="Lørdag","m",IF($G$38="Søndag","t","N/A"))))))) -> o | AF3: =IF($G$38="Mandag","t",IF($G$38="Tirsdag","f",IF($G$38="Onsdag","l",IF($G$38="Torsdag","s",IF($G$38="Fredag","m",IF($G$38="Lørdag","t",IF($G$38="Søndag","o","N/A"))))))) -> t | AG3: =IF($G$38="Mandag","f",IF($G$38="Tirsdag","l",IF($G$38="Onsdag","s",IF($G$38="Torsdag","m",IF($G$38="Fredag","t",IF($G$38="Lørdag","o",IF($G$38="Søndag","t","N/A"))))))) -> f | AH3: =IF($G$38="Mandag","l",IF($G$38="Tirsdag","s",IF($G$38="Onsdag","m",IF($G$38="Torsdag","t",IF($G$38="Fredag","o",IF($G$38="Lørdag","t",IF($G$38="Søndag","f","N/A"))))))) -> l | AI3: =IF($G$38="Mandag","s",IF($G$38="Tirsdag","m",IF($G$38="Onsdag","t",IF($G$38="Torsdag","o",IF($G$38="Fredag","t",IF($G$38="Lørdag","f",IF($G$38="Søndag","l","N/A"))))))) -> s | AJ3: =IF($G$38="Mandag","m",IF($G$38="Tirsdag","t",IF($G$38="Onsdag","o",IF($G$38="Torsdag","t",IF($G$38="Fredag","f",IF($G$38="Lørdag","l",IF($G$38="Søndag","s","N/A"))))))) -> m | AK3: =IF($G$38="Mandag","t",IF($G$38="Tirsdag","o",IF($G$38="Onsdag","t",IF($G$38="Torsdag","f",IF($G$38="Fredag","l",IF($G$38="Lørdag","s",IF($G$38="Søndag","m","N/A"))))))) -> t | AL3: =IF($G$38="Mandag","o",IF($G$38="Tirsdag","t",IF($G$38="Onsdag","f",IF($G$38="Torsdag","l",IF($G$38="Fredag","s",IF($G$38="Lørdag","m",IF($G$38="Søndag","t","N/A"))))))) -> o | AM3: =IF($G$38="Mandag","t",IF($G$38="Tirsdag","f",IF($G$38="Onsdag","l",IF($G$38="Torsdag","s",IF($G$38="Fredag","m",IF($G$38="Lørdag","t",IF($G$38="Søndag","o","N/A"))))))) -> t | AN3: =IF($G$38="Mandag","f",IF($G$38="Tirsdag","l",IF($G$38="Onsdag","s",IF($G$38="Torsdag","m",IF($G$38="Fredag","t",IF($G$38="Lørdag","o",IF($G$38="Søndag","t","N/A"))))))) -> f | AO3: =IF($G$38="Mandag","l",IF($G$38="Tirsdag","s",IF($G$38="Onsdag","m",IF($G$38="Torsdag","t",IF($G$38="Fredag","o",IF($G$38="Lørdag","t",IF($G$38="Søndag","f","N/A"))))))) -> l | AP3: =IF($G$38="Mandag","s",IF($G$38="Tirsdag","m",IF($G$38="Onsdag","t",IF($G$38="Torsdag","o",IF($G$38="Fredag","t",IF($G$38="Lørdag","f",IF($G$38="Søndag","l","N/A"))))))) -> s | AQ3: =IF($G$38="Mandag","m",IF($G$38="Tirsdag","t",IF($G$38="Onsdag","o",IF($G$38="Torsdag","t",IF($G$38="Fredag","f",IF($G$38="Lørdag","l",IF($G$38="Søndag","s","N/A"))))))) -> m | AR3: =IF($G$38="Mandag","t",IF($G$38="Tirsdag","o",IF($G$38="Onsdag","t",IF($G$38="Torsdag","f",IF($G$38="Fredag","l",IF($G$38="Lørdag","s",IF($G$38="Søndag","m","N/A"))))))) -> t | AS3: =IF($G$38="Mandag","o",IF($G$38="Tirsdag","t",IF($G$38="Onsdag","f",IF($G$38="Torsdag","l",IF($G$38="Fredag","s",IF($G$38="Lørdag","m",IF($G$38="Søndag","t","N/A"))))))) -> o | AT3: =IF($G$38="Mandag","t",IF($G$38="Tirsdag","f",IF($G$38="Onsdag","l",IF($G$38="Torsdag","s",IF($G$38="Fredag","m",IF($G$38="Lørdag","t",IF($G$38="Søndag","o","N/A"))))))) -> t | AU3: =IF($G$38="Mandag","f",IF($G$38="Tirsdag","l",IF($G$38="Onsdag","s",IF($G$38="Torsdag","m",IF($G$38="Fredag","t",IF($G$38="Lørdag","o",IF($G$38="Søndag","t","N/A"))))))) -> f | AV3: =IF($G$38="Mandag","l",IF($G$38="Tirsdag","s",IF($G$38="Onsdag","m",IF($G$38="Torsdag","t",IF($G$38="Fredag","o",IF($G$38="Lørdag","t",IF($G$38="Søndag","f","N/A"))))))) -> l | AW3: =IF($G$38="Mandag","s",IF($G$38="Tirsdag","m",IF($G$38="Onsdag","t",IF($G$38="Torsdag","o",IF($G$38="Fredag","t",IF($G$38="Lørdag","f",IF($G$38="Søndag","l","N/A"))))))) -> s | AX3: =IF($G$38="Mandag","m",IF($G$38="Tirsdag","t",IF($G$38="Onsdag","o",IF($G$38="Torsdag","t",IF($G$38="Fredag","f",IF($G$38="Lørdag","l",IF($G$38="Søndag","s","N/A"))))))) -> m | AY3: =IF($G$38="Mandag","t",IF($G$38="Tirsdag","o",IF($G$38="Onsdag","t",IF($G$38="Torsdag","f",IF($G$38="Fredag","l",IF($G$38="Lørdag","s",IF($G$38="Søndag","m","N/A"))))))) -> t | AZ3: =IF($G$38="Mandag","o",IF($G$38="Tirsdag","t",IF($G$38="Onsdag","f",IF($G$38="Torsdag","l",IF($G$38="Fredag","s",IF($G$38="Lørdag","m",IF($G$38="Søndag","t","N/A"))))))) -> o | BA3: =IF($G$38="Mandag","t",IF($G$38="Tirsdag","f",IF($G$38="Onsdag","l",IF($G$38="Torsdag","s",IF($G$38="Fredag","m",IF($G$38="Lørdag","t",IF($G$38="Søndag","o","N/A"))))))) -> t | BB3: =IF($G$38="Mandag","f",IF($G$38="Tirsdag","l",IF($G$38="Onsdag","s",IF($G$38="Torsdag","m",IF($G$38="Fredag","t",IF($G$38="Lørdag","o",IF($G$38="Søndag","t","N/A"))))))) -> f | BC3: =IF($G$38="Mandag","l",IF($G$38="Tirsdag","s",IF($G$38="Onsdag","m",IF($G$38="Torsdag","t",IF($G$38="Fredag","o",IF($G$38="Lørdag","t",IF($G$38="Søndag","f","N/A"))))))) -> l | BD3: =IF($G$38="Mandag","s",IF($G$38="Tirsdag","m",IF($G$38="Onsdag","t",IF($G$38="Torsdag","o",IF($G$38="Fredag","t",IF($G$38="Lørdag","f",IF($G$38="Søndag","l","N/A"))))))) -> s | BE3: =IF($G$38="Mandag","m",IF($G$38="Tirsdag","t",IF($G$38="Onsdag","o",IF($G$38="Torsdag","t",IF($G$38="Fredag","f",IF($G$38="Lørdag","l",IF($G$38="Søndag","s","N/A"))))))) -> m | BF3: =IF($G$38="Mandag","t",IF($G$38="Tirsdag","o",IF($G$38="Onsdag","t",IF($G$38="Torsdag","f",IF($G$38="Fredag","l",IF($G$38="Lørdag","s",IF($G$38="Søndag","m","N/A"))))))) -> t | BG3: =IF($G$38="Mandag","o",IF($G$38="Tirsdag","t",IF($G$38="Onsdag","f",IF($G$38="Torsdag","l",IF($G$38="Fredag","s",IF($G$38="Lørdag","m",IF($G$38="Søndag","t","N/A"))))))) -> o | BH3: =IF($G$38="Mandag","t",IF($G$38="Tirsdag","f",IF($G$38="Onsdag","l",IF($G$38="Torsdag","s",IF($G$38="Fredag","m",IF($G$38="Lørdag","t",IF($G$38="Søndag","o","N/A"))))))) -> t | BI3: =IF($G$38="Mandag","f",IF($G$38="Tirsdag","l",IF($G$38="Onsdag","s",IF($G$38="Torsdag","m",IF($G$38="Fredag","t",IF($G$38="Lørdag","o",IF($G$38="Søndag","t","N/A"))))))) -> f | BJ3: =IF($G$38="Mandag","l",IF($G$38="Tirsdag","s",IF($G$38="Onsdag","m",IF($G$38="Torsdag","t",IF($G$38="Fredag","o",IF($G$38="Lørdag","t",IF($G$38="Søndag","f","N/A"))))))) -> l | BK3: =IF($G$38="Mandag","s",IF($G$38="Tirsdag","m",IF($G$38="Onsdag","t",IF($G$38="Torsdag","o",IF($G$38="Fredag","t",IF($G$38="Lørdag","f",IF($G$38="Søndag","l","N/A"))))))) -> s | BL3: =IF($G$38="Mandag","m",IF($G$38="Tirsdag","t",IF($G$38="Onsdag","o",IF($G$38="Torsdag","t",IF($G$38="Fredag","f",IF($G$38="Lørdag","l",IF($G$38="Søndag","s","N/A"))))))) -> m | BM3: =IF($G$38="Mandag","t",IF($G$38="Tirsdag","o",IF($G$38="Onsdag","t",IF($G$38="Torsdag","f",IF($G$38="Fredag","l",IF($G$38="Lørdag","s",IF($G$38="Søndag","m","N/A"))))))) -> t | BN3: =IF($G$38="Mandag","o",IF($G$38="Tirsdag","t",IF($G$38="Onsdag","f",IF($G$38="Torsdag","l",IF($G$38="Fredag","s",IF($G$38="Lørdag","m",IF($G$38="Søndag","t","N/A"))))))) -> o | BO3: =IF($G$38="Mandag","t",IF($G$38="Tirsdag","f",IF($G$38="Onsdag","l",IF($G$38="Torsdag","s",IF($G$38="Fredag","m",IF($G$38="Lørdag","t",IF($G$38="Søndag","o","N/A"))))))) -> t | BP3: =IF($G$38="Mandag","f",IF($G$38="Tirsdag","l",IF($G$38="Onsdag","s",IF($G$38="Torsdag","m",IF($G$38="Fredag","t",IF($G$38="Lørdag","o",IF($G$38="Søndag","t","N/A"))))))) -> f | BQ3: =IF($G$38="Mandag","l",IF($G$38="Tirsdag","s",IF($G$38="Onsdag","m",IF($G$38="Torsdag","t",IF($G$38="Fredag","o",IF($G$38="Lørdag","t",IF($G$38="Søndag","f","N/A"))))))) -> l | BR3: =IF($G$38="Mandag","s",IF($G$38="Tirsdag","m",IF($G$38="Onsdag","t",IF($G$38="Torsdag","o",IF($G$38="Fredag","t",IF($G$38="Lørdag","f",IF($G$38="Søndag","l","N/A"))))))) -> s | BS3: =IF($G$38="Mandag","m",IF($G$38="Tirsdag","t",IF($G$38="Onsdag","o",IF($G$38="Torsdag","t",IF($G$38="Fredag","f",IF($G$38="Lørdag","l",IF($G$38="Søndag","s","N/A"))))))) -> m | BT3: =IF($G$38="Mandag","t",IF($G$38="Tirsdag","o",IF($G$38="Onsdag","t",IF($G$38="Torsdag","f",IF($G$38="Fredag","l",IF($G$38="Lørdag","s",IF($G$38="Søndag","m","N/A"))))))) -> t | BU3: =IF($G$38="Mandag","o",IF($G$38="Tirsdag","t",IF($G$38="Onsdag","f",IF($G$38="Torsdag","l",IF($G$38="Fredag","s",IF($G$38="Lørdag","m",IF($G$38="Søndag","t","N/A"))))))) -> o | BV3: =IF($G$38="Mandag","t",IF($G$38="Tirsdag","f",IF($G$38="Onsdag","l",IF($G$38="Torsdag","s",IF($G$38="Fredag","m",IF($G$38="Lørdag","t",IF($G$38="Søndag","o","N/A"))))))) -> t | BW3: =IF($G$38="Mandag","f",IF($G$38="Tirsdag","l",IF($G$38="Onsdag","s",IF($G$38="Torsdag","m",IF($G$38="Fredag","t",IF($G$38="Lørdag","o",IF($G$38="Søndag","t","N/A"))))))) -> f | BX3: =IF($G$38="Mandag","l",IF($G$38="Tirsdag","s",IF($G$38="Onsdag","m",IF($G$38="Torsdag","t",IF($G$38="Fredag","o",IF($G$38="Lørdag","t",IF($G$38="Søndag","f","N/A"))))))) -> l | BY3: =IF($G$38="Mandag","s",IF($G$38="Tirsdag","m",IF($G$38="Onsdag","t",IF($G$38="Torsdag","o",IF($G$38="Fredag","t",IF($G$38="Lørdag","f",IF($G$38="Søndag","l","N/A"))))))) -> s | BZ3: =IF($G$38="Mandag","m",IF($G$38="Tirsdag","t",IF($G$38="Onsdag","o",IF($G$38="Torsdag","t",IF($G$38="Fredag","f",IF($G$38="Lørdag","l",IF($G$38="Søndag","s","N/A"))))))) -> m | CA3: =IF($G$38="Mandag","t",IF($G$38="Tirsdag","o",IF($G$38="Onsdag","t",IF($G$38="Torsdag","f",IF($G$38="Fredag","l",IF($G$38="Lørdag","s",IF($G$38="Søndag","m","N/A"))))))) -> t | CB3: =IF($G$38="Mandag","o",IF($G$38="Tirsdag","t",IF($G$38="Onsdag","f",IF($G$38="Torsdag","l",IF($G$38="Fredag","s",IF($G$38="Lørdag","m",IF($G$38="Søndag","t","N/A"))))))) -> o | CC3: =IF($G$38="Mandag","t",IF($G$38="Tirsdag","f",IF($G$38="Onsdag","l",IF($G$38="Torsdag","s",IF($G$38="Fredag","m",IF($G$38="Lørdag","t",IF($G$38="Søndag","o","N/A"))))))) -> t | CD3: =IF($G$38="Mandag","f",IF($G$38="Tirsdag","l",IF($G$38="Onsdag","s",IF($G$38="Torsdag","m",IF($G$38="Fredag","t",IF($G$38="Lørdag","o",IF($G$38="Søndag","t","N/A"))))))) -> f | CE3: =IF($G$38="Mandag","l",IF($G$38="Tirsdag","s",IF($G$38="Onsdag","m",IF($G$38="Torsdag","t",IF($G$38="Fredag","o",IF($G$38="Lørdag","t",IF($G$38="Søndag","f","N/A"))))))) -> l | CF3: =IF($G$38="Mandag","s",IF($G$38="Tirsdag","m",IF($G$38="Onsdag","t",IF($G$38="Torsdag","o",IF($G$38="Fredag","t",IF($G$38="Lørdag","f",IF($G$38="Søndag","l","N/A"))))))) -> s | CG3: Vakt lokasjon | CH3: Fra kl | CI3: Til kl | CJ3: Timer | CK3: Pause | CL3: SUM
A4: A | B4: A | C4: A | D4: A | E4: A | F4: A | CG4: Vakt 1 | CH4: 0.29166667 | CI4: 0.83333333 | CJ4: =IF(AND(CH4=0,CI4=0),0,IF(CH4<CI4,((CI4-CH4)*24)-CK4,(((1-CH4)+CI4)*24)-CK4)) -> 12.5 | CK4: 0.5 | CL4: =COUNTIF(A4:CF4,"> ")*CJ4 -> 75 | CM4: 1
A5: B | B5: B | C5: B | D5: B | E5: B | F5: B | CG5: Vakt 2 | CH5: 0.29166667 | CI5: 0.625 | CJ5: =IF(AND(CH5=0,CI5=0),0,IF(CH5<CI5,((CI5-CH5)*24)-CK5,(((1-CH5)+CI5)*24)-CK5)) -> 8 | CL5: =COUNTIF(A5:CF5,"> ")*CJ5 -> 48 | CM5: 2
CJ6: =IF(AND(CH6=0,CI6=0),0,IF(CH6<CI6,((CI6-CH6)*24)-CK6,(((1-CH6)+CI6)*24)-CK6)) -> 0 | CL6: =COUNTIF(A6:CF6,"> ")*CJ6 -> 0 | CM6: 1
CJ7: =IF(AND(CH7=0,CI7=0),0,IF(CH7<CI7,((CI7-CH7)*24)-CK7,(((1-CH7)+CI7)*24)-CK7)) -> 0 | CL7: =COUNTIF(A7:CF7,"> ")*CJ7 -> 0 | CM7: 2
CJ8: =IF(AND(CH8=0,CI8=0),0,IF(CH8<CI8,((CI8-CH8)*24)-CK8,(((1-CH8)+CI8)*24)-CK8)) -> 0 | CL8: =COUNTIF(A8:CF8,"> ")*CJ8 -> 0 | CM8: 1
CJ9: =IF(AND(CH9=0,CI9=0),0,IF(CH9<CI9,((CI9-CH9)*24)-CK9,(((1-CH9)+CI9)*24)-CK9)) -> 0 | CL9: =COUNTIF(A9:CF9,"> ")*CJ9 -> 0 | CM9: 2 | CQ9: Ukedag dropdown
CJ10: =IF(AND(CH10=0,CI10=0),0,IF(CH10<CI10,((CI10-CH10)*24)-CK10,(((1-CH10)+CI10)*24)-CK10)) -> 0 | CL10: =COUNTIF(A10:CF10,"> ")*CJ10 -> 0 | CM10: 1 | CQ10: Mandag
CJ11: =IF(AND(CH11=0,CI11=0),0,IF(CH11<CI11,((CI11-CH11)*24)-CK11,(((1-CH11)+CI11)*24)-CK11)) -> 0 | CL11: =COUNTIF(A11:CF11,"> ")*CJ11 -> 0 | CM11: 2 | CQ11: Tirsdag
CJ12: =IF(AND(CH12=0,CI12=0),0,IF(CH12<CI12,((CI12-CH12)*24)-CK12,(((1-CH12)+CI12)*24)-CK12)) -> 0 | CL12: =COUNTIF(A12:CF12,"> ")*CJ12 -> 0 | CM12: 1 | CQ12: Onsdag
CJ13: =IF(AND(CH13=0,CI13=0),0,IF(CH13<CI13,((CI13-CH13)*24)-CK13,(((1-CH13)+CI13)*24)-CK13)) -> 0 | CL13: =COUNTIF(A13:CF13,"> ")*CJ13 -> 0 | CM13: 2 | CQ13: Torsdag
CJ14: =IF(AND(CH14=0,CI14=0),0,IF(CH14<CI14,((CI14-CH14)*24)-CK14,(((1-CH14)+CI14)*24)-CK14)) -> 0 | CL14: =COUNTIF(A14:CF14,"> ")*CJ14 -> 0 | CM14: 1 | CQ14: Fredag
CJ15: =IF(AND(CH15=0,CI15=0),0,IF(CH15<CI15,((CI15-CH15)*24)-CK15,(((1-CH15)+CI15)*24)-CK15)) -> 0 | CL15: =COUNTIF(A15:CF15,"> ")*CJ15 -> 0 | CM15: 2 | CQ15: Lørdag
CJ16: =IF(AND(CH16=0,CI16=0),0,IF(CH16<CI16,((CI16-CH16)*24)-CK16,(((1-CH16)+CI16)*24)-CK16)) -> 0 | CL16: =COUNTIF(A16:CF16,"> ")*CJ16 -> 0 | CM16: 1 | CQ16: Søndag
CJ17: =IF(AND(CH17=0,CI17=0),0,IF(CH17<CI17,((CI17-CH17)*24)-CK17,(((1-CH17)+CI17)*24)-CK17)) -> 0 | CL17: =COUNTIF(A17:CF17,"> ")*CJ17 -> 0 | CM17: 2
CJ18: =IF(AND(CH18=0,CI18=0),0,IF(CH18<CI18,((CI18-CH18)*24)-CK18,(((1-CH18)+CI18)*24)-CK18)) -> 0 | CL18: =COUNTIF(A18:CF18,"> ")*CJ18 -> 0 | CM18: 1
CJ19: =IF(AND(CH19=0,CI19=0),0,IF(CH19<CI19,((CI19-CH19)*24)-CK19,(((1-CH19)+CI19)*24)-CK19)) -> 0 | CL19: =COUNTIF(A19:CF19,"> ")*CJ19 -> 0 | CM19: 2
CJ20: =IF(AND(CH20=0,CI20=0),0,IF(CH20<CI20,((CI20-CH20)*24)-CK20,(((1-CH20)+CI20)*24)-CK20)) -> 0 | CL20: =COUNTIF(A20:CF20,"> ")*CJ20 -> 0 | CM20: 1
CJ21: =IF(AND(CH21=0,CI21=0),0,IF(CH21<CI21,((CI21-CH21)*24)-CK21,(((1-CH21)+CI21)*24)-CK21)) -> 0 | CL21: =COUNTIF(A21:CF21,"> ")*CJ21 -> 0 | CM21: 2
CJ22: =IF(AND(CH22=0,CI22=0),0,IF(CH22<CI22,((CI22-CH22)*24)-CK22,(((1-CH22)+CI22)*24)-CK22)) -> 0 | CL22: =COUNTIF(A22:CF22,"> ")*CJ22 -> 0 | CM22: 1
CJ23: =IF(AND(CH23=0,CI23=0),0,IF(CH23<CI23,((CI23-CH23)*24)-CK23,(((1-CH23)+CI23)*24)-CK23)) -> 0 | CL23: =COUNTIF(A23:CF23,"> ")*CJ23 -> 0 | CM23: 2
CJ24: =IF(AND(CH24=0,CI24=0),0,IF(CH24<CI24,((CI24-CH24)*24)-CK24,(((1-CH24)+CI24)*24)-CK24)) -> 0 | CL24: =COUNTIF(A24:CF24,"> ")*CJ24 -> 0 | CM24: 1
CJ25: =IF(AND(CH25=0,CI25=0),0,IF(CH25<CI25,((CI25-CH25)*24)-CK25,(((1-CH25)+CI25)*24)-CK25)) -> 0 | CL25: =COUNTIF(A25:CF25,"> ")*CJ25 -> 0 | CM25: 2 | CQ25: =DATE(2016,1,26) -> 42395
CJ26: =IF(AND(CH26=0,CI26=0),0,IF(CH26<CI26,((CI26-CH26)*24)-CK26,(((1-CH26)+CI26)*24)-CK26)) -> 0 | CL26: =COUNTIF(A26:CF26,"> ")*CJ26 -> 0 | CM26: 1
CJ27: =IF(AND(CH27=0,CI27=0),0,IF(CH27<CI27,((CI27-CH27)*24)-CK27,(((1-CH27)+CI27)*24)-CK27)) -> 0 | CL27: =COUNTIF(A27:CF27,"> ")*CJ27 -> 0 | CM27: 2 | CQ27: =TEXT(CQ25,"dddd") -> Tuesday
CJ28: =IF(AND(CH28=0,CI28=0),0,IF(CH28<CI28,((CI28-CH28)*24)-CK28,(((1-CH28)+CI28)*24)-CK28)) -> 0 | CL28: =COUNTIF(A28:CF28,"> ")*CJ28 -> 0 | CM28: 1
CJ29: =IF(AND(CH29=0,CI29=0),0,IF(CH29<CI29,((CI29-CH29)*24)-CK29,(((1-CH29)+CI29)*24)-CK29)) -> 0 | CL29: =COUNTIF(A29:CF29,"> ")*CJ29 -> 0 | CM29: 2
CJ30: =IF(AND(CH30=0,CI30=0),0,IF(CH30<CI30,((CI30-CH30)*24)-CK30,(((1-CH30)+CI30)*24)-CK30)) -> 0 | CL30: =COUNTIF(A30:CF30,"> ")*CJ30 -> 0 | CM30: 1
CJ31: =IF(AND(CH31=0,CI31=0),0,IF(CH31<CI31,((CI31-CH31)*24)-CK31,(((1-CH31)+CI31)*24)-CK31)) -> 0 | CL31: =COUNTIF(A31:CF31,"> ")*CJ31 -> 0 | CM31: 2
CJ32: =IF(AND(CH32=0,CI32=0),0,IF(CH32<CI32,((CI32-CH32)*24)-CK32,(((1-CH32)+CI32)*24)-CK32)) -> 0 | CL32: =COUNTIF(A32:CF32,"> ")*CJ32 -> 0 | CM32: 1
CJ33: =IF(AND(CH33=0,CI33=0),0,IF(CH33<CI33,((CI33-CH33)*24)-CK33,(((1-CH33)+CI33)*24)-CK33)) -> 0 | CL33: =COUNTIF(A33:CF33,"> ")*CJ33 -> 0 | CM33: 2
CJ34: =IF(AND(CH34=0,CI34=0),0,IF(CH34<CI34,((CI34-CH34)*24)-CK34,(((1-CH34)+CI34)*24)-CK34)) -> 0 | CL34: =COUNTIF(A34:CF34,"> ")*CJ34 -> 0 | CM34: 1
CJ35: =IF(AND(CH35=0,CI35=0),0,IF(CH35<CI35,((CI35-CH35)*24)-CK35,(((1-CH35)+CI35)*24)-CK35)) -> 0 | CL35: =COUNTIF(A35:CF35,"> ")*CJ35 -> 0 | CM35: 2
A36: =IF($G$38="Mandag","m",IF($G$38="Tirsdag","t",IF($G$38="Onsdag","o",IF($G$38="Torsdag","t",IF($G$38="Fredag","f",IF($G$38="Lørdag","l",IF($G$38="Søndag","s","N/A"))))))) -> m | B36: =IF($G$38="Mandag","t",IF($G$38="Tirsdag","o",IF($G$38="Onsdag","t",IF($G$38="Torsdag","f",IF($G$38="Fredag","l",IF($G$38="Lørdag","s",IF($G$38="Søndag","m","N/A"))))))) -> t | C36: =IF($G$38="Mandag","o",IF($G$38="Tirsdag","t",IF($G$38="Onsdag","f",IF($G$38="Torsdag","l",IF($G$38="Fredag","s",IF($G$38="Lørdag","m",IF($G$38="Søndag","t","N/A"))))))) -> o | D36: =IF($G$38="Mandag","t",IF($G$38="Tirsdag","f",IF($G$38="Onsdag","l",IF($G$38="Torsdag","s",IF($G$38="Fredag","m",IF($G$38="Lørdag","t",IF($G$38="Søndag","o","N/A"))))))) -> t | E36: =IF($G$38="Mandag","f",IF($G$38="Tirsdag","l",IF($G$38="Onsdag","s",IF($G$38="Torsdag","m",IF($G$38="Fredag","t",IF($G$38="Lørdag","o",IF($G$38="Søndag","t","N/A"))))))) -> f | F36: =IF($G$38="Mandag","l",IF($G$38="Tirsdag","s",IF($G$38="Onsdag","m",IF($G$38="Torsdag","t",IF($G$38="Fredag","o",IF($G$38="Lørdag","t",IF($G$38="Søndag","f","N/A"))))))) -> l | G36: =IF($G$38="Mandag","s",IF($G$38="Tirsdag","m",IF($G$38="Onsdag","t",IF($G$38="Torsdag","o",IF($G$38="Fredag","t",IF($G$38="Lørdag","f",IF($G$38="Søndag","l","N/A"))))))) -> s | H36: =IF($G$38="Mandag","m",IF($G$38="Tirsdag","t",IF($G$38="Onsdag","o",IF($G$38="Torsdag","t",IF($G$38="Fredag","f",IF($G$38="Lørdag","l",IF($G$38="Søndag","s","N/A"))))))) -> m | I36: =IF($G$38="Mandag","t",IF($G$38="Tirsdag","o",IF($G$38="Onsdag","t",IF($G$38="Torsdag","f",IF($G$38="Fredag","l",IF($G$38="Lørdag","s",IF($G$38="Søndag","m","N/A"))))))) -> t | J36: =IF($G$38="Mandag","o",IF($G$38="Tirsdag","t",IF($G$38="Onsdag","f",IF($G$38="Torsdag","l",IF($G$38="Fredag","s",IF($G$38="Lørdag","m",IF($G$38="Søndag","t","N/A"))))))) -> o | K36: =IF($G$38="Mandag","t",IF($G$38="Tirsdag","f",IF($G$38="Onsdag","l",IF($G$38="Torsdag","s",IF($G$38="Fredag","m",IF($G$38="Lørdag","t",IF($G$38="Søndag","o","N/A"))))))) -> t | L36: =IF($G$38="Mandag","f",IF($G$38="Tirsdag","l",IF($G$38="Onsdag","s",IF($G$38="Torsdag","m",IF($G$38="Fredag","t",IF($G$38="Lørdag","o",IF($G$38="Søndag","t","N/A"))))))) -> f | M36: =IF($G$38="Mandag","l",IF($G$38="Tirsdag","s",IF($G$38="Onsdag","m",IF($G$38="Torsdag","t",IF($G$38="Fredag","o",IF($G$38="Lørdag","t",IF($G$38="Søndag","f","N/A"))))))) -> l | N36: =IF($G$38="Mandag","s",IF($G$38="Tirsdag","m",IF($G$38="Onsdag","t",IF($G$38="Torsdag","o",IF($G$38="Fredag","t",IF($G$38="Lørdag","f",IF($G$38="Søndag","l","N/A"))))))) -> s | O36: =IF($G$38="Mandag","m",IF($G$38="Tirsdag","t",IF($G$38="Onsdag","o",IF($G$38="Torsdag","t",IF($G$38="Fredag","f",IF($G$38="Lørdag","l",IF($G$38="Søndag","s","N/A"))))))) -> m | P36: =IF($G$38="Mandag","t",IF($G$38="Tirsdag","o",IF($G$38="Onsdag","t",IF($G$38="Torsdag","f",IF($G$38="Fredag","l",IF($G$38="Lørdag","s",IF($G$38="Søndag","m","N/A"))))))) -> t | Q36: =IF($G$38="Mandag","o",IF($G$38="Tirsdag","t",IF($G$38="Onsdag","f",IF($G$38="Torsdag","l",IF($G$38="Fredag","s",IF($G$38="Lørdag","m",IF($G$38="Søndag","t","N/A"))))))) -> o | R36: =IF($G$38="Mandag","t",IF($G$38="Tirsdag","f",IF($G$38="Onsdag","l",IF($G$38="Torsdag","s",IF($G$38="Fredag","m",IF($G$38="Lørdag","t",IF($G$38="Søndag","o","N/A"))))))) -> t | S36: =IF($G$38="Mandag","f",IF($G$38="Tirsdag","l",IF($G$38="Onsdag","s",IF($G$38="Torsdag","m",IF($G$38="Fredag","t",IF($G$38="Lørdag","o",IF($G$38="Søndag","t","N/A"))))))) -> f | T36: =IF($G$38="Mandag","l",IF($G$38="Tirsdag","s",IF($G$38="Onsdag","m",IF($G$38="Torsdag","t",IF($G$38="Fredag","o",IF($G$38="Lørdag","t",IF($G$38="Søndag","f","N/A"))))))) -> l | U36: =IF($G$38="Mandag","s",IF($G$38="Tirsdag","m",IF($G$38="Onsdag","t",IF($G$38="Torsdag","o",IF($G$38="Fredag","t",IF($G$38="Lørdag","f",IF($G$38="Søndag","l","N/A"))))))) -> s | V36: =IF($G$38="Mandag","m",IF($G$38="Tirsdag","t",IF($G$38="Onsdag","o",IF($G$38="Torsdag","t",IF($G$38="Fredag","f",IF($G$38="Lørdag","l",IF($G$38="Søndag","s","N/A"))))))) -> m | W36: =IF($G$38="Mandag","t",IF($G$38="Tirsdag","o",IF($G$38="Onsdag","t",IF($G$38="Torsdag","f",IF($G$38="Fredag","l",IF($G$38="Lørdag","s",IF($G$38="Søndag","m","N/A"))))))) -> t | X36: =IF($G$38="Mandag","o",IF($G$38="Tirsdag","t",IF($G$38="Onsdag","f",IF($G$38="Torsdag","l",IF($G$38="Fredag","s",IF($G$38="Lørdag","m",IF($G$38="Søndag","t","N/A"))))))) -> o | Y36: =IF($G$38="Mandag","t",IF($G$38="Tirsdag","f",IF($G$38="Onsdag","l",IF($G$38="Torsdag","s",IF($G$38="Fredag","m",IF($G$38="Lørdag","t",IF($G$38="Søndag","o","N/A"))))))) -> t | Z36: =IF($G$38="Mandag","f",IF($G$38="Tirsdag","l",IF($G$38="Onsdag","s",IF($G$38="Torsdag","m",IF($G$38="Fredag","t",IF($G$38="Lørdag","o",IF($G$38="Søndag","t","N/A"))))))) -> f | AA36: =IF($G$38="Mandag","l",IF($G$38="Tirsdag","s",IF($G$38="Onsdag","m",IF($G$38="Torsdag","t",IF($G$38="Fredag","o",IF($G$38="Lørdag","t",IF($G$38="Søndag","f","N/A"))))))) -> l | AB36: =IF($G$38="Mandag","s",IF($G$38="Tirsdag","m",IF($G$38="Onsdag","t",IF($G$38="Torsdag","o",IF($G$38="Fredag","t",IF($G$38="Lørdag","f",IF($G$38="Søndag","l","N/A"))))))) -> s | AC36: =IF($G$38="Mandag","m",IF($G$38="Tirsdag","t",IF($G$38="Onsdag","o",IF($G$38="Torsdag","t",IF($G$38="Fredag","f",IF($G$38="Lørdag","l",IF($G$38="Søndag","s","N/A"))))))) -> m | AD36: =IF($G$38="Mandag","t",IF($G$38="Tirsdag","o",IF($G$38="Onsdag","t",IF($G$38="Torsdag","f",IF($G$38="Fredag","l",IF($G$38="Lørdag","s",IF($G$38="Søndag","m","N/A"))))))) -> t | AE36: =IF($G$38="Mandag","o",IF($G$38="Tirsdag","t",IF($G$38="Onsdag","f",IF($G$38="Torsdag","l",IF($G$38="Fredag","s",IF($G$38="Lørdag","m",IF($G$38="Søndag","t","N/A"))))))) -> o | AF36: =IF($G$38="Mandag","t",IF($G$38="Tirsdag","f",IF($G$38="Onsdag","l",IF($G$38="Torsdag","s",IF($G$38="Fredag","m",IF($G$38="Lørdag","t",IF($G$38="Søndag","o","N/A"))))))) -> t | AG36: =IF($G$38="Mandag","f",IF($G$38="Tirsdag","l",IF($G$38="Onsdag","s",IF($G$38="Torsdag","m",IF($G$38="Fredag","t",IF($G$38="Lørdag","o",IF($G$38="Søndag","t","N/A"))))))) -> f | AH36: =IF($G$38="Mandag","l",IF($G$38="Tirsdag","s",IF($G$38="Onsdag","m",IF($G$38="Torsdag","t",IF($G$38="Fredag","o",IF($G$38="Lørdag","t",IF($G$38="Søndag","f","N/A"))))))) -> l | AI36: =IF($G$38="Mandag","s",IF($G$38="Tirsdag","m",IF($G$38="Onsdag","t",IF($G$38="Torsdag","o",IF($G$38="Fredag","t",IF($G$38="Lørdag","f",IF($G$38="Søndag","l","N/A"))))))) -> s | AJ36: =IF($G$38="Mandag","m",IF($G$38="Tirsdag","t",IF($G$38="Onsdag","o",IF($G$38="Torsdag","t",IF($G$38="Fredag","f",IF($G$38="Lørdag","l",IF($G$38="Søndag","s","N/A"))))))) -> m | AK36: =IF($G$38="Mandag","t",IF($G$38="Tirsdag","o",IF($G$38="Onsdag","t",IF($G$38="Torsdag","f",IF($G$38="Fredag","l",IF($G$38="Lørdag","s",IF($G$38="Søndag","m","N/A"))))))) -> t | AL36: =IF($G$38="Mandag","o",IF($G$38="Tirsdag","t",IF($G$38="Onsdag","f",IF($G$38="Torsdag","l",IF($G$38="Fredag","s",IF($G$38="Lørdag","m",IF($G$38="Søndag","t","N/A"))))))) -> o | AM36: =IF($G$38="Mandag","t",IF($G$38="Tirsdag","f",IF($G$38="Onsdag","l",IF($G$38="Torsdag","s",IF($G$38="Fredag","m",IF($G$38="Lørdag","t",IF($G$38="Søndag","o","N/A"))))))) -> t | AN36: =IF($G$38="Mandag","f",IF($G$38="Tirsdag","l",IF($G$38="Onsdag","s",IF($G$38="Torsdag","m",IF($G$38="Fredag","t",IF($G$38="Lørdag","o",IF($G$38="Søndag","t","N/A"))))))) -> f | AO36: =IF($G$38="Mandag","l",IF($G$38="Tirsdag","s",IF($G$38="Onsdag","m",IF($G$38="Torsdag","t",IF($G$38="Fredag","o",IF($G$38="Lørdag","t",IF($G$38="Søndag","f","N/A"))))))) -> l | AP36: =IF($G$38="Mandag","s",IF($G$38="Tirsdag","m",IF($G$38="Onsdag","t",IF($G$38="Torsdag","o",IF($G$38="Fredag","t",IF($G$38="Lørdag","f",IF($G$38="Søndag","l","N/A"))))))) -> s | AQ36: =IF($G$38="Mandag","m",IF($G$38="Tirsdag","t",IF($G$38="Onsdag","o",IF($G$38="Torsdag","t",IF($G$38="Fredag","f",IF($G$38="Lørdag","l",IF($G$38="Søndag","s","N/A"))))))) -> m | AR36: =IF($G$38="Mandag","t",IF($G$38="Tirsdag","o",IF($G$38="Onsdag","t",IF($G$38="Torsdag","f",IF($G$38="Fredag","l",IF($G$38="Lørdag","s",IF($G$38="Søndag","m","N/A"))))))) -> t | AS36: =IF($G$38="Mandag","o",IF($G$38="Tirsdag","t",IF($G$38="Onsdag","f",IF($G$38="Torsdag","l",IF($G$38="Fredag","s",IF($G$38="Lørdag","m",IF($G$38="Søndag","t","N/A"))))))) -> o | AT36: =IF($G$38="Mandag","t",IF($G$38="Tirsdag","f",IF($G$38="Onsdag","l",IF($G$38="Torsdag","s",IF($G$38="Fredag","m",IF($G$38="Lørdag","t",IF($G$38="Søndag","o","N/A"))))))) -> t | AU36: =IF($G$38="Mandag","f",IF($G$38="Tirsdag","l",IF($G$38="Onsdag","s",IF($G$38="Torsdag","m",IF($G$38="Fredag","t",IF($G$38="Lørdag","o",IF($G$38="Søndag","t","N/A"))))))) -> f | AV36: =IF($G$38="Mandag","l",IF($G$38="Tirsdag","s",IF($G$38="Onsdag","m",IF($G$38="Torsdag","t",IF($G$38="Fredag","o",IF($G$38="Lørdag","t",IF($G$38="Søndag","f","N/A"))))))) -> l | AW36: =IF($G$38="Mandag","s",IF($G$38="Tirsdag","m",IF($G$38="Onsdag","t",IF($G$38="Torsdag","o",IF($G$38="Fredag","t",IF($G$38="Lørdag","f",IF($G$38="Søndag","l","N/A"))))))) -> s | AX36: =IF($G$38="Mandag","m",IF($G$38="Tirsdag","t",IF($G$38="Onsdag","o",IF($G$38="Torsdag","t",IF($G$38="Fredag","f",IF($G$38="Lørdag","l",IF($G$38="Søndag","s","N/A"))))))) -> m | AY36: =IF($G$38="Mandag","t",IF($G$38="Tirsdag","o",IF($G$38="Onsdag","t",IF($G$38="Torsdag","f",IF($G$38="Fredag","l",IF($G$38="Lørdag","s",IF($G$38="Søndag","m","N/A"))))))) -> t | AZ36: =IF($G$38="Mandag","o",IF($G$38="Tirsdag","t",IF($G$38="Onsdag","f",IF($G$38="Torsdag","l",IF($G$38="Fredag","s",IF($G$38="Lørdag","m",IF($G$38="Søndag","t","N/A"))))))) -> o | BA36: =IF($G$38="Mandag","t",IF($G$38="Tirsdag","f",IF($G$38="Onsdag","l",IF($G$38="Torsdag","s",IF($G$38="Fredag","m",IF($G$38="Lørdag","t",IF($G$38="Søndag","o","N/A"))))))) -> t | BB36: =IF($G$38="Mandag","f",IF($G$38="Tirsdag","l",IF($G$38="Onsdag","s",IF($G$38="Torsdag","m",IF($G$38="Fredag","t",IF($G$38="Lørdag","o",IF($G$38="Søndag","t","N/A"))))))) -> f | BC36: =IF($G$38="Mandag","l",IF($G$38="Tirsdag","s",IF($G$38="Onsdag","m",IF($G$38="Torsdag","t",IF($G$38="Fredag","o",IF($G$38="Lørdag","t",IF($G$38="Søndag","f","N/A"))))))) -> l | BD36: =IF($G$38="Mandag","s",IF($G$38="Tirsdag","m",IF($G$38="Onsdag","t",IF($G$38="Torsdag","o",IF($G$38="Fredag","t",IF($G$38="Lørdag","f",IF($G$38="Søndag","l","N/A"))))))) -> s | BE36: =IF($G$38="Mandag","m",IF($G$38="Tirsdag","t",IF($G$38="Onsdag","o",IF($G$38="Torsdag","t",IF($G$38="Fredag","f",IF($G$38="Lørdag","l",IF($G$38="Søndag","s","N/A"))))))) -> m | BF36: =IF($G$38="Mandag","t",IF($G$38="Tirsdag","o",IF($G$38="Onsdag","t",IF($G$38="Torsdag","f",IF($G$38="Fredag","l",IF($G$38="Lørdag","s",IF($G$38="Søndag","m","N/A"))))))) -> t | BG36: =IF($G$38="Mandag","o",IF($G$38="Tirsdag","t",IF($G$38="Onsdag","f",IF($G$38="Torsdag","l",IF($G$38="Fredag","s",IF($G$38="Lørdag","m",IF($G$38="Søndag","t","N/A"))))))) -> o | BH36: =IF($G$38="Mandag","t",IF($G$38="Tirsdag","f",IF($G$38="Onsdag","l",IF($G$38="Torsdag","s",IF($G$38="Fredag","m",IF($G$38="Lørdag","t",IF($G$38="Søndag","o","N/A"))))))) -> t | BI36: =IF($G$38="Mandag","f",IF($G$38="Tirsdag","l",IF($G$38="Onsdag","s",IF($G$38="Torsdag","m",IF($G$38="Fredag","t",IF($G$38="Lørdag","o",IF($G$38="Søndag","t","N/A"))))))) -> f | BJ36: =IF($G$38="Mandag","l",IF($G$38="Tirsdag","s",IF($G$38="Onsdag","m",IF($G$38="Torsdag","t",IF($G$38="Fredag","o",IF($G$38="Lørdag","t",IF($G$38="Søndag","f","N/A"))))))) -> l | BK36: =IF($G$38="Mandag","s",IF($G$38="Tirsdag","m",IF($G$38="Onsdag","t",IF($G$38="Torsdag","o",IF($G$38="Fredag","t",IF($G$38="Lørdag","f",IF($G$38="Søndag","l","N/A"))))))) -> s | BL36: =IF($G$38="Mandag","m",IF($G$38="Tirsdag","t",IF($G$38="Onsdag","o",IF($G$38="Torsdag","t",IF($G$38="Fredag","f",IF($G$38="Lørdag","l",IF($G$38="Søndag","s","N/A"))))))) -> m | BM36: =IF($G$38="Mandag","t",IF($G$38="Tirsdag","o",IF($G$38="Onsdag","t",IF($G$38="Torsdag","f",IF($G$38="Fredag","l",IF($G$38="Lørdag","s",IF($G$38="Søndag","m","N/A"))))))) -> t | BN36: =IF($G$38="Mandag","o",IF($G$38="Tirsdag","t",IF($G$38="Onsdag","f",IF($G$38="Torsdag","l",IF($G$38="Fredag","s",IF($G$38="Lørdag","m",IF($G$38="Søndag","t","N/A"))))))) -> o | BO36: =IF($G$38="Mandag","t",IF($G$38="Tirsdag","f",IF($G$38="Onsdag","l",IF($G$38="Torsdag","s",IF($G$38="Fredag","m",IF($G$38="Lørdag","t",IF($G$38="Søndag","o","N/A"))))))) -> t | BP36: =IF($G$38="Mandag","f",IF($G$38="Tirsdag","l",IF($G$38="Onsdag","s",IF($G$38="Torsdag","m",IF($G$38="Fredag","t",IF($G$38="Lørdag","o",IF($G$38="Søndag","t","N/A"))))))) -> f | BQ36: =IF($G$38="Mandag","l",IF($G$38="Tirsdag","s",IF($G$38="Onsdag","m",IF($G$38="Torsdag","t",IF($G$38="Fredag","o",IF($G$38="Lørdag","t",IF($G$38="Søndag","f","N/A"))))))) -> l | BR36: =IF($G$38="Mandag","s",IF($G$38="Tirsdag","m",IF($G$38="Onsdag","t",IF($G$38="Torsdag","o",IF($G$38="Fredag","t",IF($G$38="Lørdag","f",IF($G$38="Søndag","l","N/A"))))))) -> s | BS36: =IF($G$38="Mandag","m",IF($G$38="Tirsdag","t",IF($G$38="Onsdag","o",IF($G$38="Torsdag","t",IF($G$38="Fredag","f",IF($G$38="Lørdag","l",IF($G$38="Søndag","s","N/A"))))))) -> m | BT36: =IF($G$38="Mandag","t",IF($G$38="Tirsdag","o",IF($G$38="Onsdag","t",IF($G$38="Torsdag","f",IF($G$38="Fredag","l",IF($G$38="Lørdag","s",IF($G$38="Søndag","m","N/A"))))))) -> t | BU36: =IF($G$38="Mandag","o",IF($G$38="Tirsdag","t",IF($G$38="Onsdag","f",IF($G$38="Torsdag","l",IF($G$38="Fredag","s",IF($G$38="Lørdag","m",IF($G$38="Søndag","t","N/A"))))))) -> o | BV36: =IF($G$38="Mandag","t",IF($G$38="Tirsdag","f",IF($G$38="Onsdag","l",IF($G$38="Torsdag","s",IF($G$38="Fredag","m",IF($G$38="Lørdag","t",IF($G$38="Søndag","o","N/A"))))))) -> t | BW36: =IF($G$38="Mandag","f",IF($G$38="Tirsdag","l",IF($G$38="Onsdag","s",IF($G$38="Torsdag","m",IF($G$38="Fredag","t",IF($G$38="Lørdag","o",IF($G$38="Søndag","t","N/A"))))))) -> f | BX36: =IF($G$38="Mandag","l",IF($G$38="Tirsdag","s",IF($G$38="Onsdag","m",IF($G$38="Torsdag","t",IF($G$38="Fredag","o",IF($G$38="Lørdag","t",IF($G$38="Søndag","f","N/A"))))))) -> l | BY36: =IF($G$38="Mandag","s",IF($G$38="Tirsdag","m",IF($G$38="Onsdag","t",IF($G$38="Torsdag","o",IF($G$38="Fredag","t",IF($G$38="Lørdag","f",IF($G$38="Søndag","l","N/A"))))))) -> s | BZ36: =IF($G$38="Mandag","m",IF($G$38="Tirsdag","t",IF($G$38="Onsdag","o",IF($G$38="Torsdag","t",IF($G$38="Fredag","f",IF($G$38="Lørdag","l",IF($G$38="Søndag","s","N/A"))))))) -> m | CA36: =IF($G$38="Mandag","t",IF($G$38="Tirsdag","o",IF($G$38="Onsdag","t",IF($G$38="Torsdag","f",IF($G$38="Fredag","l",IF($G$38="Lørdag","s",IF($G$38="Søndag","m","N/A"))))))) -> t | CB36: =IF($G$38="Mandag","o",IF($G$38="Tirsdag","t",IF($G$38="Onsdag","f",IF($G$38="Torsdag","l",IF($G$38="Fredag","s",IF($G$38="Lørdag","m",IF($G$38="Søndag","t","N/A"))))))) -> o | CC36: =IF($G$38="Mandag","t",IF($G$38="Tirsdag","f",IF($G$38="Onsdag","l",IF($G$38="Torsdag","s",IF($G$38="Fredag","m",IF($G$38="Lørdag","t",IF($G$38="Søndag","o","N/A"))))))) -> t | CD36: =IF($G$38="Mandag","f",IF($G$38="Tirsdag","l",IF($G$38="Onsdag","s",IF($G$38="Torsdag","m",IF($G$38="Fredag","t",IF($G$38="Lørdag","o",IF($G$38="Søndag","t","N/A"))))))) -> f | CE36: =IF($G$38="Mandag","l",IF($G$38="Tirsdag","s",IF($G$38="Onsdag","m",IF($G$38="Torsdag","t",IF($G$38="Fredag","o",IF($G$38="Lørdag","t",IF($G$38="Søndag","f","N/A"))))))) -> l | CF36: =IF($G$38="Mandag","s",IF($G$38="Tirsdag","m",IF($G$38="Onsdag","t",IF($G$38="Torsdag","o",IF($G$38="Fredag","t",IF($G$38="Lørdag","f",IF($G$38="Søndag","l","N/A"))))))) -> s | CG36: Vakt lokasjon | CH36: Fra kl | CI36: Til kl | CJ36: Timer | CL36: =SUM(CL4:CL35) -> 123
A37: Ansatt fremstiller:
A38: Turnus Startdag | G38: mandag | L38: Sjekk for duplikater?
A39: Nr | B39: Navn | F39: uke 1 | H39: uke 2 | J39: uke 3 | L39: uke 4 | N39: uke 5 | P39: uke 6 | R39: Uke 7 | T39: Uke 8 | V39: Uke 9 | X39: Uke 10 | Z39: Uke 11 | AB39: Uke 12 | AD39: S UM | AG39: Uke snitt | AJ39: Uker i bruk | AM39: Stillingsprosent | AQ39: Uke Sats | AU39: Visning? | AX39: Regelbrudd? | BC39: Dette dokumentet kan sette opp vaktplaner og sjekke om de begår lovbrudd oppmot lov og avtale om arbeidstimer og hviletid.
A40: A | B40: test 1 | F40: ='Ansatt A'!$AK$6 -> 75 | H40: ='Ansatt A'!$AK$7 -> 0 | J40: ='Ansatt A'!$AK$8 -> 0 | L40: ='Ansatt A'!$AK$9 -> 0 | N40: ='Ansatt A'!$AK$10 -> 0 | P40: ='Ansatt A'!$AK$11 -> 0 | R40: ='Ansatt A'!$AK$12 -> 0 | T40: ='Ansatt A'!$AK$13 -> 0 | V40: ='Ansatt A'!$AK$14 -> 0 | X40: ='Ansatt A'!$AK$15 -> 0 | Z40: ='Ansatt A'!$AK$16 -> 0 | AB40: ='Ansatt A'!$AK$17 -> 0 | AD40: =F40+H40+J40+L40+N40+P40+R40+T40+V40+X40+Z40+AB40 -> 75 | AG40: =IFERROR(SUM(F40:AC40)/AJ40,0) -> 18.75 | AJ40: 4 | AM40: 1 | AU40: ja | AX40: =IF(OR('Ansatt A'!$B$45>0,'Ansatt A'!$B$67>0,'Ansatt A'!$B$70>0),"Ja","Nei") -> Ja | BC40: Jeg lagte denne selv for å hjelpe meg å tolke arbeidsplaner tilsendt fra arbeidsgiver som ofte hadde ulik utforming hver gang og ble da uoversiktelig.
A41: B | B41: Test 2 | F41: ='Ansatt B'!$AK$6 -> 48 | H41: ='Ansatt B'!$AK$7 -> 0 | J41: ='Ansatt B'!$AK$8 -> 0 | L41: ='Ansatt B'!$AK$9 -> 0 | N41: ='Ansatt B'!$AK$10 -> 0 | P41: ='Ansatt B'!$AK$11 -> 0 | R41: ='Ansatt B'!$AK$12 -> 0 | T41: ='Ansatt B'!$AK$13 -> 0 | V41: ='Ansatt B'!$AK$14 -> 0 | X41: ='Ansatt B'!$AK$15 -> 0 | Z41: ='Ansatt B'!$AK$16 -> 0 | AB41: ='Ansatt B'!$AK$17 -> 0 | AD41: =F41+H41+J41+L41+N41+P41+R41+T41+V41+X41+Z41+AB41 -> 48 | AG41: =IFERROR(SUM(F41:AC41)/AJ41,0) -> 12 | AJ41: 4 | AM41: 1 | AU41: Ja | AX41: =IF(OR('Ansatt B'!$B$45>0,'Ansatt B'!$B$67>0,'Ansatt B'!$B$70>0),"Ja","Nei") -> Ja | BC41: Ved hjelp av dette dokumentet så legger jeg inn vaktene og turnusene til de enkelte og så vil formlene mine informere meg om det er begått regelbrudd.
A42: C | F42: ='Ansatt C'!$AK$6 -> 0 | H42: ='Ansatt C'!$AK$7 -> 0 | J42: ='Ansatt C'!$AK$8 -> 0 | L42: ='Ansatt C'!$AK$9 -> 0 | N42: ='Ansatt C'!$AK$10 -> 0 | P42: ='Ansatt C'!$AK$11 -> 0 | R42: ='Ansatt C'!$AK$12 -> 0 | T42: ='Ansatt C'!$AK$13 -> 0 | V42: ='Ansatt C'!$AK$14 -> 0 | X42: ='Ansatt C'!$AK$15 -> 0 | Z42: ='Ansatt C'!$AK$16 -> 0 | AB42: ='Ansatt C'!$AK$17 -> 0 | AD42: =F42+H42+J42+L42+N42+P42+R42+T42+V42+X42+Z42+AB42 -> 0 | AG42: =IFERROR(SUM(F42:AC42)/AJ42,0) -> 0 | AJ42: 12 | AX42: =IF(OR('Ansatt C'!$B$45>0,'Ansatt C'!$B$67>0,'Ansatt C'!$B$70>0),"Ja","Nei") -> Nei
A43: D | F43: ='Ansatt D'!$AK$6 -> 0 | H43: ='Ansatt D'!$AK$7 -> 0 | J43: ='Ansatt D'!$AK$8 -> 0 | L43: ='Ansatt D'!$AK$9 -> 0 | N43: ='Ansatt D'!$AK$10 -> 0 | P43: ='Ansatt D'!$AK$11 -> 0 | R43: ='Ansatt D'!$AK$12 -> 0 | T43: ='Ansatt D'!$AK$13 -> 0 | V43: ='Ansatt D'!$AK$14 -> 0 | X43: ='Ansatt D'!$AK$15 -> 0 | Z43: ='Ansatt D'!$AK$16 -> 0 | AB43: ='Ansatt D'!$AK$17 -> 0 | AD43: =F43+H43+J43+L43+N43+P43+R43+T43+V43+X43+Z43+AB43 -> 0 | AG43: =IFERROR(SUM(F43:AC43)/AJ43,0) -> 0 | AJ43: 12 | AX43: =IF(OR('Ansatt D'!$B$45>0,'Ansatt D'!$B$67>0,'Ansatt D'!$B$70>0),"Ja","Nei") -> Nei | BC43: Den viser dette ved å lyse rødt på de vaktene som begår regelbruddet.
A44: E | F44: ='Ansatt E'!$AK$6 -> 0 | H44: ='Ansatt E'!$AK$7 -> 0 | J44: ='Ansatt E'!$AK$8 -> 0 | L44: ='Ansatt E'!$AK$9 -> 0 | N44: ='Ansatt E'!$AK$10 -> 0 | P44: ='Ansatt E'!$AK$11 -> 0 | R44: ='Ansatt E'!$AK$12 -> 0 | T44: ='Ansatt E'!$AK$13 -> 0 | V44: ='Ansatt E'!$AK$14 -> 0 | X44: ='Ansatt E'!$AK$15 -> 0 | Z44: ='Ansatt E'!$AK$16 -> 0 | AB44: ='Ansatt E'!$AK$17 -> 0 | AD44: =F44+H44+J44+L44+N44+P44+R44+T44+V44+X44+Z44+AB44 -> 0 | AG44: =IFERROR(SUM(F44:AC44)/AJ44,0) -> 0 | AJ44: 12 | AX44: =IF(OR('Ansatt E'!$B$45>0,'Ansatt E'!$B$67>0,'Ansatt E'!$B$70>0),"Ja","Nei") -> Nei | BC44: Hver person har også sin egen fane for å kunne se mer i detalj hvor regelbruddet befinner seg samt å kunne endre kriteriene ihht evt. Avtaler.
A45: F | F45: ='Ansatt F'!$AK$6 -> 0 | H45: ='Ansatt F'!$AK$7 -> 0 | J45: ='Ansatt F'!$AK$8 -> 0 | L45: ='Ansatt F'!$AK$9 -> 0 | N45: ='Ansatt F'!$AK$10 -> 0 | P45: ='Ansatt F'!$AK$11 -> 0 | R45: ='Ansatt F'!$AK$12 -> 0 | T45: ='Ansatt F'!$AK$13 -> 0 | V45: ='Ansatt F'!$AK$14 -> 0 | X45: ='Ansatt F'!$AK$15 -> 0 | Z45: ='Ansatt F'!$AK$16 -> 0 | AB45: ='Ansatt F'!$AK$17 -> 0 | AD45: =F45+H45+J45+L45+N45+P45+R45+T45+V45+X45+Z45+AB45 -> 0 | AG45: =IFERROR(SUM(F45:AC45)/AJ45,0) -> 0 | AJ45: 12 | AX45: =IF(OR('Ansatt F'!$B$45>0,'Ansatt F'!$B$67>0,'Ansatt F'!$B$70>0),"Ja","Nei") -> Nei
A46: G | F46: ='Ansatt G'!$AK$6 -> 0 | H46: ='Ansatt G'!$AK$7 -> 0 | J46: ='Ansatt G'!$AK$8 -> 0 | L46: ='Ansatt G'!$AK$9 -> 0 | N46: ='Ansatt G'!$AK$10 -> 0 | P46: ='Ansatt G'!$AK$11 -> 0 | R46: ='Ansatt G'!$AK$12 -> 0 | T46: ='Ansatt G'!$AK$13 -> 0 | V46: ='Ansatt G'!$AK$14 -> 0 | X46: ='Ansatt G'!$AK$15 -> 0 | Z46: ='Ansatt G'!$AK$16 -> 0 | AB46: ='Ansatt G'!$AK$17 -> 0 | AD46: =F46+H46+J46+L46+N46+P46+R46+T46+V46+X46+Z46+AB46 -> 0 | AG46: =IFERROR(SUM(F46:AC46)/AJ46,0) -> 0 | AJ46: 12 | AX46: =IF(OR('Ansatt G'!$B$45>0,'Ansatt G'!$B$67>0,'Ansatt G'!$B$70>0),"Ja","Nei") -> Nei
A47: H | F47: ='Ansatt H'!$AK$6 -> 0 | H47: ='Ansatt H'!$AK$7 -> 0 | J47: ='Ansatt H'!$AK$8 -> 0 | L47: ='Ansatt H'!$AK$9 -> 0 | N47: ='Ansatt H'!$AK$10 -> 0 | P47: ='Ansatt H'!$AK$11 -> 0 | R47: ='Ansatt H'!$AK$12 -> 0 | T47: ='Ansatt H'!$AK$13 -> 0 | V47: ='Ansatt H'!$AK$14 -> 0 | X47: ='Ansatt H'!$AK$15 -> 0 | Z47: ='Ansatt H'!$AK$16 -> 0 | AB47: ='Ansatt H'!$AK$17 -> 0 | AD47: =F47+H47+J47+L47+N47+P47+R47+T47+V47+X47+Z47+AB47 -> 0 | AG47: =IFERROR(SUM(F47:AC47)/AJ47,0) -> 0 | AJ47: 12 | AX47: =IF(OR('Ansatt H'!$B$45>0,'Ansatt H'!$B$67>0,'Ansatt H'!$B$70>0),"Ja","Nei") -> Nei
A48: I | F48: ='Ansatt I'!$AK$6 -> 0 | H48: ='Ansatt I'!$AK$7 -> 0 | J48: ='Ansatt I'!$AK$8 -> 0 | L48: ='Ansatt I'!$AK$9 -> 0 | N48: ='Ansatt I'!$AK$10 -> 0 | P48: ='Ansatt I'!$AK$11 -> 0 | R48: ='Ansatt I'!$AK$12 -> 0 | T48: ='Ansatt I'!$AK$13 -> 0 | V48: ='Ansatt I'!$AK$14 -> 0 | X48: ='Ansatt I'!$AK$15 -> 0 | Z48: ='Ansatt I'!$AK$16 -> 0 | AB48: ='Ansatt I'!$AK$17 -> 0 | AD48: =F48+H48+J48+L48+N48+P48+R48+T48+V48+X48+Z48+AB48 -> 0 | AG48: =IFERROR(SUM(F48:AC48)/AJ48,0) -> 0 | AJ48: 12 | AX48: =IF(OR('Ansatt I'!$B$45>0,'Ansatt I'!$B$67>0,'Ansatt I'!$B$70>0),"Ja","Nei") -> Nei
A49: J | F49: ='Ansatt J'!$AK$6 -> 0 | H49: ='Ansatt J'!$AK$7 -> 0 | J49: ='Ansatt J'!$AK$8 -> 0 | L49: ='Ansatt J'!$AK$9 -> 0 | N49: ='Ansatt J'!$AK$10 -> 0 | P49: ='Ansatt J'!$AK$11 -> 0 | R49: ='Ansatt J'!$AK$12 -> 0 | T49: ='Ansatt J'!$AK$13 -> 0 | V49: ='Ansatt J'!$AK$14 -> 0 | X49: ='Ansatt J'!$AK$15 -> 0 | Z49: ='Ansatt J'!$AK$16 -> 0 | AB49: ='Ansatt J'!$AK$17 -> 0 | AD49: =F49+H49+J49+L49+N49+P49+R49+T49+V49+X49+Z49+AB49 -> 0 | AG49: =IFERROR(SUM(F49:AC49)/AJ49,0) -> 0 | AJ49: 12 | AX49: =IF(OR('Ansatt J'!$B$45>0,'Ansatt J'!$B$67>0,'Ansatt J'!$B$70>0),"Ja","Nei") -> Nei
A50: K | F50: ='Ansatt K'!$AK$6 -> 0 | H50: ='Ansatt K'!$AK$7 -> 0 | J50: ='Ansatt K'!$AK$8 -> 0 | L50: ='Ansatt K'!$AK$9 -> 0 | N50: ='Ansatt K'!$AK$10 -> 0 | P50: ='Ansatt K'!$AK$11 -> 0 | R50: ='Ansatt K'!$AK$12 -> 0 | T50: ='Ansatt K'!$AK$13 -> 0 | V50: ='Ansatt K'!$AK$14 -> 0 | X50: ='Ansatt K'!$AK$15 -> 0 | Z50: ='Ansatt K'!$AK$16 -> 0 | AB50: ='Ansatt K'!$AK$17 -> 0 | AD50: =F50+H50+J50+L50+N50+P50+R50+T50+V50+X50+Z50+AB50 -> 0 | AG50: =IFERROR(SUM(F50:AC50)/AJ50,0) -> 0 | AJ50: 12 | AX50: =IF(OR('Ansatt K'!$B$45>0,'Ansatt K'!$B$67>0,'Ansatt K'!$B$70>0),"Ja","Nei") -> Nei
A51: L | F51: ='Ansatt L'!$AK$6 -> 0 | H51: ='Ansatt L'!$AK$7 -> 0 | J51: ='Ansatt L'!$AK$8 -> 0 | L51: ='Ansatt L'!$AK$9 -> 0 | N51: ='Ansatt L'!$AK$10 -> 0 | P51: ='Ansatt L'!$AK$11 -> 0 | R51: ='Ansatt L'!$AK$12 -> 0 | T51: ='Ansatt L'!$AK$13 -> 0 | V51: ='Ansatt L'!$AK$14 -> 0 | X51: ='Ansatt L'!$AK$15 -> 0 | Z51: ='Ansatt L'!$AK$16 -> 0 | AB51: ='Ansatt L'!$AK$17 -> 0 | AD51: =F51+H51+J51+L51+N51+P51+R51+T51+V51+X51+Z51+AB51 -> 0 | AG51: =IFERROR(SUM(F51:AC51)/AJ51,0) -> 0 | AJ51: 12 | AX51: =IF(OR('Ansatt L'!$B$45>0,'Ansatt L'!$B$67>0,'Ansatt L'!$B$70>0),"Ja","Nei") -> Nei
A52: M | F52: ='Ansatt M'!$AK$6 -> 0 | H52: ='Ansatt M'!$AK$7 -> 0 | J52: ='Ansatt M'!$AK$8 -> 0 | L52: ='Ansatt M'!$AK$9 -> 0 | N52: ='Ansatt M'!$AK$10 -> 0 | P52: ='Ansatt M'!$AK$11 -> 0 | R52: ='Ansatt M'!$AK$12 -> 0 | T52: ='Ansatt M'!$AK$13 -> 0 | V52: ='Ansatt M'!$AK$14 -> 0 | X52: ='Ansatt M'!$AK$15 -> 0 | Z52: ='Ansatt M'!$AK$16 -> 0 | AB52: ='Ansatt M'!$AK$17 -> 0 | AD52: =F52+H52+J52+L52+N52+P52+R52+T52+V52+X52+Z52+AB52 -> 0 | AG52: =IFERROR(SUM(F52:AC52)/AJ52,0) -> 0 | AJ52: 12 | AX52: =IF(OR('Ansatt M'!$B$45>0,'Ansatt M'!$B$67>0,'Ansatt M'!$B$70>0),"Ja","Nei") -> Nei
A53: N | F53: ='Ansatt N'!$AK$6 -> 0 | H53: ='Ansatt N'!$AK$7 -> 0 | J53: ='Ansatt N'!$AK$8 -> 0 | L53: ='Ansatt N'!$AK$9 -> 0 | N53: ='Ansatt N'!$AK$10 -> 0 | P53: ='Ansatt N'!$AK$11 -> 0 | R53: ='Ansatt N'!$AK$12 -> 0 | T53: ='Ansatt N'!$AK$13 -> 0 | V53: ='Ansatt N'!$AK$14 -> 0 | X53: ='Ansatt N'!$AK$15 -> 0 | Z53: ='Ansatt N'!$AK$16 -> 0 | AB53: ='Ansatt N'!$AK$17 -> 0 | AD53: =F53+H53+J53+L53+N53+P53+R53+T53+V53+X53+Z53+AB53 -> 0 | AG53: =IFERROR(SUM(F53:AC53)/AJ53,0) -> 0 | AJ53: 12 | AX53: =IF(OR('Ansatt N'!$B$45>0,'Ansatt N'!$B$67>0,'Ansatt N'!$B$70>0),"Ja","Nei") -> Nei
A54: O | F54: ='Ansatt O'!$AK$6 -> 0 | H54: ='Ansatt O'!$AK$7 -> 0 | J54: ='Ansatt O'!$AK$8 -> 0 | L54: ='Ansatt O'!$AK$9 -> 0 | N54: ='Ansatt O'!$AK$10 -> 0 | P54: ='Ansatt O'!$AK$11 -> 0 | R54: ='Ansatt O'!$AK$12 -> 0 | T54: ='Ansatt O'!$AK$13 -> 0 | V54: ='Ansatt O'!$AK$14 -> 0 | X54: ='Ansatt O'!$AK$15 -> 0 | Z54: ='Ansatt O'!$AK$16 -> 0 | AB54: ='Ansatt O'!$AK$17 -> 0 | AD54: =F54+H54+J54+L54+N54+P54+R54+T54+V54+X54+Z54+AB54 -> 0 | AG54: =IFERROR(SUM(F54:AC54)/AJ54,0) -> 0 | AJ54: 12 | AX54: =IF(OR('Ansatt O'!$B$45>0,'Ansatt O'!$B$67>0,'Ansatt O'!$B$70>0),"Ja","Nei") -> Nei
A55: P | F55: ='Ansatt P'!$AK$6 -> 0 | H55: ='Ansatt P'!$AK$7 -> 0 | J55: ='Ansatt P'!$AK$8 -> 0 | L55: ='Ansatt P'!$AK$9 -> 0 | N55: ='Ansatt P'!$AK$10 -> 0 | P55: ='Ansatt P'!$AK$11 -> 0 | R55: ='Ansatt P'!$AK$12 -> 0 | T55: ='Ansatt P'!$AK$13 -> 0 | V55: ='Ansatt P'!$AK$14 -> 0 | X55: ='Ansatt P'!$AK$15 -> 0 | Z55: ='Ansatt P'!$AK$16 -> 0 | AB55: ='Ansatt P'!$AK$17 -> 0 | AD55: =F55+H55+J55+L55+N55+P55+R55+T55+V55+X55+Z55+AB55 -> 0 | AG55: =IFERROR(SUM(F55:AC55)/AJ55,0) -> 0 | AJ55: 12 | AX55: =IF(OR('Ansatt P'!$B$45>0,'Ansatt P'!$B$67>0,'Ansatt P'!$B$70>0),"Ja","Nei") -> Nei
A56: Q | F56: ='Ansatt Q'!$AK$6 -> 0 | H56: ='Ansatt Q'!$AK$7 -> 0 | J56: ='Ansatt Q'!$AK$8 -> 0 | L56: ='Ansatt Q'!$AK$9 -> 0 | N56: ='Ansatt Q'!$AK$10 -> 0 | P56: ='Ansatt Q'!$AK$11 -> 0 | R56: ='Ansatt Q'!$AK$12 -> 0 | T56: ='Ansatt Q'!$AK$13 -> 0 | V56: ='Ansatt Q'!$AK$14 -> 0 | X56: ='Ansatt Q'!$AK$15 -> 0 | Z56: ='Ansatt Q'!$AK$16 -> 0 | AB56: ='Ansatt Q'!$AK$17 -> 0 | AD56: =F56+H56+J56+L56+N56+P56+R56+T56+V56+X56+Z56+AB56 -> 0 | AG56: =IFERROR(SUM(F56:AC56)/AJ56,0) -> 0 | AJ56: 12 | AX56: =IF(OR('Ansatt Q'!$B$45>0,'Ansatt Q'!$B$67>0,'Ansatt Q'!$B$70>0),"Ja","Nei") -> Nei
A57: R | F57: ='Ansatt R'!$AK$6 -> 0 | H57: ='Ansatt R'!$AK$7 -> 0 | J57: ='Ansatt R'!$AK$8 -> 0 | L57: ='Ansatt R'!$AK$9 -> 0 | N57: ='Ansatt R'!$AK$10 -> 0 | P57: ='Ansatt R'!$AK$11 -> 0 | R57: ='Ansatt R'!$AK$12 -> 0 | T57: ='Ansatt R'!$AK$13 -> 0 | V57: ='Ansatt R'!$AK$14 -> 0 | X57: ='Ansatt R'!$AK$15 -> 0 | Z57: ='Ansatt R'!$AK$16 -> 0 | AB57: ='Ansatt R'!$AK$17 -> 0 | AD57: =F57+H57+J57+L57+N57+P57+R57+T57+V57+X57+Z57+AB57 -> 0 | AG57: =IFERROR(SUM(F57:AC57)/AJ57,0) -> 0 | AJ57: 12 | AX57: =IF(OR('Ansatt R'!$B$45>0,'Ansatt R'!$B$67>0,'Ansatt R'!$B$70>0),"Ja","Nei") -> Nei
A58: S | F58: ='Ansatt S'!$AK$6 -> 0 | H58: ='Ansatt S'!$AK$7 -> 0 | J58: ='Ansatt S'!$AK$8 -> 0 | L58: ='Ansatt S'!$AK$9 -> 0 | N58: ='Ansatt S'!$AK$10 -> 0 | P58: ='Ansatt S'!$AK$11 -> 0 | R58: ='Ansatt S'!$AK$12 -> 0 | T58: ='Ansatt S'!$AK$13 -> 0 | V58: ='Ansatt S'!$AK$14 -> 0 | X58: ='Ansatt S'!$AK$15 -> 0 | Z58: ='Ansatt S'!$AK$16 -> 0 | AB58: ='Ansatt S'!$AK$17 -> 0 | AD58: =F58+H58+J58+L58+N58+P58+R58+T58+V58+X58+Z58+AB58 -> 0 | AG58: =IFERROR(SUM(F58:AC58)/AJ58,0) -> 0 | AJ58: 12 | AX58: =IF(OR('Ansatt S'!$B$45>0,'Ansatt S'!$B$67>0,'Ansatt S'!$B$70>0),"Ja","Nei") -> Nei
A59: T | F59: ='Ansatt T'!$AK$6 -> 0 | H59: ='Ansatt T'!$AK$7 -> 0 | J59: ='Ansatt T'!$AK$8 -> 0 | L59: ='Ansatt T'!$AK$9 -> 0 | N59: ='Ansatt T'!$AK$10 -> 0 | P59: ='Ansatt T'!$AK$11 -> 0 | R59: ='Ansatt T'!$AK$12 -> 0 | T59: ='Ansatt T'!$AK$13 -> 0 | V59: ='Ansatt T'!$AK$14 -> 0 | X59: ='Ansatt T'!$AK$15 -> 0 | Z59: ='Ansatt T'!$AK$16 -> 0 | AB59: ='Ansatt T'!$AK$17 -> 0 | AD59: =F59+H59+J59+L59+N59+P59+R59+T59+V59+X59+Z59+AB59 -> 0 | AG59: =IFERROR(SUM(F59:AC59)/AJ59,0) -> 0 | AJ59: 12 | AX59: =IF(OR('Ansatt T'!$B$45>0,'Ansatt T'!$B$67>0,'Ansatt T'!$B$70>0),"Ja","Nei") -> Nei
A60: U | F60: ='Ansatt U'!$AK$6 -> 0 | H60: ='Ansatt U'!$AK$7 -> 0 | J60: ='Ansatt U'!$AK$8 -> 0 | L60: ='Ansatt U'!$AK$9 -> 0 | N60: ='Ansatt U'!$AK$10 -> 0 | P60: ='Ansatt U'!$AK$11 -> 0 | R60: ='Ansatt U'!$AK$12 -> 0 | T60: ='Ansatt U'!$AK$13 -> 0 | V60: ='Ansatt U'!$AK$14 -> 0 | X60: ='Ansatt U'!$AK$15 -> 0 | Z60: ='Ansatt U'!$AK$16 -> 0 | AB60: ='Ansatt U'!$AK$17 -> 0 | AD60: =F60+H60+J60+L60+N60+P60+R60+T60+V60+X60+Z60+AB60 -> 0 | AG60: =IFERROR(SUM(F60:AC60)/AJ60,0) -> 0 | AJ60: 12 | AX60: =IF(OR('Ansatt U'!$B$45>0,'Ansatt U'!$B$67>0,'Ansatt U'!$B$70>0),"Ja","Nei") -> Nei
A61: V | F61: ='Ansatt V'!$AK$6 -> 0 | H61: ='Ansatt V'!$AK$7 -> 0 | J61: ='Ansatt V'!$AK$8 -> 0 | L61: ='Ansatt V'!$AK$9 -> 0 | N61: ='Ansatt V'!$AK$10 -> 0 | P61: ='Ansatt V'!$AK$11 -> 0 | R61: ='Ansatt V'!$AK$12 -> 0 | T61: ='Ansatt V'!$AK$13 -> 0 | V61: ='Ansatt V'!$AK$14 -> 0 | X61: ='Ansatt V'!$AK$15 -> 0 | Z61: ='Ansatt V'!$AK$16 -> 0 | AB61: ='Ansatt V'!$AK$17 -> 0 | AD61: =F61+H61+J61+L61+N61+P61+R61+T61+V61+X61+Z61+AB61 -> 0 | AG61: =IFERROR(SUM(F61:AC61)/AJ61,0) -> 0 | AJ61: 12 | AX61: =IF(OR('Ansatt V'!$B$45>0,'Ansatt V'!$B$67>0,'Ansatt V'!$B$70>0),"Ja","Nei") -> Nei
A62: W | F62: ='Ansatt W'!$AK$6 -> 0 | H62: ='Ansatt W'!$AK$7 -> 0 | J62: ='Ansatt W'!$AK$8 -> 0 | L62: ='Ansatt W'!$AK$9 -> 0 | N62: ='Ansatt W'!$AK$10 -> 0 | P62: ='Ansatt W'!$AK$11 -> 0 | R62: ='Ansatt W'!$AK$12 -> 0 | T62: ='Ansatt W'!$AK$13 -> 0 | V62: ='Ansatt W'!$AK$13 -> 0 | X62: ='Ansatt W'!$AK$15 -> 0 | Z62: ='Ansatt W'!$AK$16 -> 0 | AB62: ='Ansatt W'!$AK$17 -> 0 | AD62: =F62+H62+J62+L62+N62+P62+R62+T62+V62+X62+Z62+AB62 -> 0 | AG62: =IFERROR(SUM(F62:AC62)/AJ62,0) -> 0 | AJ62: 12 | AX62: =IF(OR('Ansatt W'!$B$45>0,'Ansatt W'!$B$67>0,'Ansatt W'!$B$70>0),"Ja","Nei") -> Nei
A63: X | F63: ='Ansatt X'!$AK$6 -> 0 | H63: ='Ansatt X'!$AK$7 -> 0 | J63: ='Ansatt X'!$AK$8 -> 0 | L63: ='Ansatt X'!$AK$9 -> 0 | N63: ='Ansatt X'!$AK$10 -> 0 | P63: ='Ansatt X'!$AK$11 -> 0 | R63: ='Ansatt X'!$AK$12 -> 0 | T63: ='Ansatt X'!$AK$13 -> 0 | V63: ='Ansatt X'!$AK$14 -> 0 | X63: ='Ansatt X'!$AK$15 -> 0 | Z63: ='Ansatt X'!$AK$16 -> 0 | AB63: ='Ansatt X'!$AK$17 -> 0 | AD63: =F63+H63+J63+L63+N63+P63+R63+T63+V63+X63+Z63+AB63 -> 0 | AG63: =IFERROR(SUM(F63:AC63)/AJ63,0) -> 0 | AJ63: 12 | AX63: =IF(OR('Ansatt X'!$B$45>0,'Ansatt X'!$B$67>0,'Ansatt X'!$B$70>0),"Ja","Nei") -> Nei
A64: Y | F64: ='Ansatt Y'!$AK$6 -> 0 | H64: ='Ansatt Y'!$AK$7 -> 0 | J64: ='Ansatt Y'!$AK$8 -> 0 | L64: ='Ansatt Y'!$AK$9 -> 0 | N64: ='Ansatt Y'!$AK$10 -> 0 | P64: ='Ansatt Y'!$AK$11 -> 0 | R64: ='Ansatt Y'!$AK$12 -> 0 | T64: ='Ansatt Y'!$AK$13 -> 0 | V64: ='Ansatt Y'!$AK$14 -> 0 | X64: ='Ansatt Y'!$AK$15 -> 0 | Z64: ='Ansatt Y'!$AK$16 -> 0 | AB64: ='Ansatt Y'!$AK$17 -> 0 | AD64: =F64+H64+J64+L64+N64+P64+R64+T64+V64+X64+Z64+AB64 -> 0 | AG64: =IFERROR(SUM(F64:AC64)/AJ64,0) -> 0 | AJ64: 12 | AX64: =IF(OR('Ansatt Y'!$B$45>0,'Ansatt Y'!$B$67>0,'Ansatt Y'!$B$70>0),"Ja","Nei") -> Nei
A65: Z | F65: ='Ansatt Z'!$AK$6 -> 0 | H65: ='Ansatt Z'!$AK$7 -> 0 | J65: ='Ansatt Z'!$AK$8 -> 0 | L65: ='Ansatt Z'!$AK$9 -> 0 | N65: ='Ansatt Z'!$AK$10 -> 0 | P65: ='Ansatt Z'!$AK$11 -> 0 | R65: ='Ansatt Z'!$AK$12 -> 0 | T65: ='Ansatt Z'!$AK$13 -> 0 | V65: ='Ansatt Z'!$AK$14 -> 0 | X65: ='Ansatt Z'!$AK$15 -> 0 | Z65: ='Ansatt Z'!$AK$16 -> 0 | AB65: ='Ansatt Z'!$AK$17 -> 0 | AD65: =F65+H65+J65+L65+N65+P65+R65+T65+V65+X65+Z65+AB65 -> 0 | AG65: =IFERROR(SUM(F65:AC65)/AJ65,0) -> 0 | AJ65: 12 | AX65: =IF(OR('Ansatt Z'!$B$45>0,'Ansatt Z'!$B$67>0,'Ansatt Z'!$B$70>0),"Ja","Nei") -> Nei | BC65: Jeg vet ikke hvem Sondre er

Sheet Ansatt A
A1: Turnus start dag | E1: =Vaktplan!G38 -> mandag | H1: Antall uker i turnus 1-8 | M1: =Vaktplan!AJ40 -> 4
A2: Stillingsprosent | E2: =Vaktplan!AM40 -> 1
A3: Uke sats timer | E3: =Vaktplan!AQ40 -> 0 | F3: t/uke
A4: Uke | B4: =TEXT(AG39,"DDDD") -> Monday | G4: =TEXT($AG$39+1,"DDDD") -> Tuesday | L4: =TEXT($AG$39+2,"DDDD") -> Wednesday | Q4: =TEXT($AG$39+3,"DDDD") -> Thursday | V4: =TEXT($AG$39+4,"DDDD") -> Friday | AA4: =TEXT($AG$39+5,"DDDD") -> Saturday | AF4: =TEXT($AG$39+6,"DDDD") -> Sunday | AK4: Total ant. Timer
B5: Start | C5: slutt | D5: P | E5: Ant. Timer | F5: Hviletid | G5: Start | H5: slutt | I5: P | J5: Ant. Timer | K5: Hviletid | L5: Start | M5: slutt | N5: P | O5: Ant. Timer | P5: Hviletid | Q5: Start | R5: slutt | S5: P | T5: Ant. Timer | U5: Hviletid | V5: Start | W5: slutt | X5: P | Y5: Ant. Timer | Z5: Hviletid | AA5: Start | AB5: slutt | AC5: P | AD5: Ant. Timer | AE5: Hviletid | AF5: Start | AG5: slutt | AH5: P | AI5: Ant. Timer | AJ5: Hviletid
A6: =IF(M1>=1,1,0) -> 1 | B6: =IFERROR(VLOOKUP(Vaktplan!$A$40,Vaktplan!$A$4:$CL$35,87-AH59,FALSE),0) -> 0.29166667 | C6: =IFERROR(VLOOKUP(Vaktplan!$A$40,Vaktplan!$A$4:$CL$35,87-AG59,FALSE),0) -> 0.83333333 | D6: =IFERROR(VLOOKUP(Vaktplan!$A$40,Vaktplan!$A$4:$CL$35,89-AG59,FALSE),0) -> 0.5 | E6: =IF(AND(B6=0,C6=0),0,IF(B6<C6,((C6-B6)*24)-D6,(((1-B6)+C6)*24)-D6)) -> 12.5 | F6: =IF(AND(C6=0,G6=0),24,IF(C6=0,12+(G6*24),IF(C6<G6,((G6-C6)*24),IF(G6=0,(1-C6+0.5)*24,((1-C6)+G6)*24)))) -> 11 | G6: =IFERROR(VLOOKUP(Vaktplan!$A$40,Vaktplan!$B$4:$CL$35,86-AH59,FALSE),0) -> 0.29166667 | H6: =IFERROR(VLOOKUP(Vaktplan!$A$40,Vaktplan!$B$4:$CL$35,86-AG59,FALSE),0) -> 0.83333333 | I6: =IFERROR(VLOOKUP(Vaktplan!$A$40,Vaktplan!$B$4:$CL$35,89-$AH59,FALSE),0) -> 0.5 | J6: =IF(AND(G6=0,H6=0),0,IF(G6<H6,((H6-G6)*24)-I6,(((1-G6)+H6)*24)-I6)) -> 12.5 | K6: =IF(AND(H6=0,L6=0),24,IF(H6=0,12+(L6*24),IF(H6<L6,((L6-H6)*24),IF(L6=0,(1-H6+0.5)*24,((1-H6)+L6)*24)))) -> 11 | L6: =IFERROR(VLOOKUP(Vaktplan!$A$40,Vaktplan!$C$4:$CL$35,86-AI59,FALSE),0) -> 0.29166667 | M6: =IFERROR(VLOOKUP(Vaktplan!$A$40,Vaktplan!$C$4:$CL$35,86-AH59,FALSE),0) -> 0.83333333 | N6: =IFERROR(VLOOKUP(Vaktplan!$A$40,Vaktplan!$C$4:$CL$35,89-$AI59,FALSE),0) -> 0.5 | O6: =IF(AND(L6=0,M6=0),0,IF(L6<M6,((M6-L6)*24)-N6,(((1-L6)+M6)*24)-N6)) -> 12.5 | P6: =IF(AND(M6=0,Q6=0),24,IF(M6=0,12+(Q6*24),IF(M6<Q6,((Q6-M6)*24),IF(Q6=0,(1-M6+0.5)*24,((1-M6)+Q6)*24)))) -> 11 | Q6: =IFERROR(VLOOKUP(Vaktplan!$A$40,Vaktplan!$D$4:$CL$35,86-AJ59,FALSE),0) -> 0.29166667 | R6: =IFERROR(VLOOKUP(Vaktplan!$A$40,Vaktplan!$D$4:$CL$35,86-AI59,FALSE),0) -> 0.83333333 | S6: =IFERROR(VLOOKUP(Vaktplan!$A$40,Vaktplan!$D$4:$CL$35,89-$AJ59,FALSE),0) -> 0.5 | T6: =IF(AND(Q6=0,R6=0),0,IF(Q6<R6,((R6-Q6)*24)-S6,(((1-Q6)+R6)*24)-S6)) -> 12.5 | U6: =IF(AND(R6=0,V6=0),24,IF(R6=0,12+(V6*24),IF(R6<V6,((V6-R6)*24),IF(V6=0,(1-R6+0.5)*24,((1-R6)+V6)*24)))) -> 11 | V6: =IFERROR(VLOOKUP(Vaktplan!$A$40,Vaktplan!$E$4:$CL$35,86-AK59,FALSE),0) -> 0.29166667 | W6: =IFERROR(VLOOKUP(Vaktplan!$A$40,Vaktplan!$E$4:$CL$35,86-AJ59,FALSE),0) -> 0.83333333 | X6: =IFERROR(VLOOKUP(Vaktplan!$A$40,Vaktplan!$E$4:$CL$35,89-$AK59,FALSE),0) -> 0.5 | Y6: =IF(AND(V6=0,W6=0),0,IF(V6<W6,((W6-V6)*24)-X6,(((1-V6)+W6)*24)-X6)) -> 12.5 | Z6: =IF(AND(W6=0,AA6=0),24,IF(W6=0,12+(AA6*24),IF(W6<AA6,((AA6-W6)*24),IF(AA6=0,(1-W6+0.5)*24,((1-W6)+AA6)*24)))) -> 11 | AA6: =IFERROR(VLOOKUP(Vaktplan!$A$40,Vaktplan!$F$4:$CL$35,86-AL59,FALSE),0) -> 0.29166667 | AB6: =IFERROR(VLOOKUP(Vaktplan!$A$40,Vaktplan!$F$4:$CL$35,86-AK59,FALSE),0) -> 0.83333333 | AC6: =IFERROR(VLOOKUP(Vaktplan!$A$40,Vaktplan!$F$4:$CL$35,89-$AL59,FALSE),0) -> 0.5 | AD6: =IF(AND(AA6=0,AB6=0),0,IF(AA6<AB6,((AB6-AA6)*24)-AC6,(((1-AA6)+AB6)*24)-AC6)) -> 12.5 | AE6: =IF(AND(AB6=0,AF6=0),24,IF(AB6=0,12+(AF6*24),IF(AB6<AF6,((AF6-AB6)*24),IF(AF6=0,(1-AB6+0.5)*24,((1-AB6)+AF6)*24)))) -> 16 | AF6: =IFERROR(VLOOKUP(Vaktplan!$A$40,Vaktplan!$G$4:$CL$35,86-AM59,FALSE),0) -> 0 | AG6: =IFERROR(VLOOKUP(Vaktplan!$A$40,Vaktplan!$G$4:$CL$35,86-AL59,FALSE),0) -> 0 | AH6: =IFERROR(VLOOKUP(Vaktplan!$A$40,Vaktplan!$G$4:$CL$35,89-$AM59,FALSE),0) -> 0 | AI6: =IF(AND(AF6=0,AG6=0),0,IF(AF6<AG6,((AG6-AF6)*24)-AH6,(((1-AF6)+AG6)*24)-AH6)) -> 0 | AJ6: =IF($M$1=AL28,IF(AND(AG6=0,B6=0),24,IF(AG6=0,12+($B$6*24),IF(AG6<$B$6,(($B$6-AG6)*24),IF($B$6=0,(1-AG6+1)*24,((1-AG6)+$B$6)*24)))),IF(AND(AG6=0,B7=0),24,IF(AG6=0,12+(B7*24),IF(AG6<B7,((B7-AG6)*24),IF(B7=0,(1-AG6+1)*24,((1-AG6)+B7)*24))))) -> 24 | AK6: =E6+J6+O6+T6+Y6+AD6+AI6 -> 75 | AL6: =AJ6 -> 24 | AM6: =AK6 -> 75
A7: =IF($M$1>=2,2,0) -> 2 | B7: =IFERROR(VLOOKUP(Vaktplan!$A$40,Vaktplan!$H$4:$CL$35,87-AH60,FALSE),0) -> 0 | C7: =IFERROR(VLOOKUP(Vaktplan!$A$40,Vaktplan!$H$4:$CL$35,87-AG60,FALSE),0) -> 0 | D7: =IFERROR(VLOOKUP(Vaktplan!$A$40,Vaktplan!$H$4:$CL$35,89-AG60,FALSE),0) -> 0 | E7: =IF(AND(B7=0,C7=0),0,IF(B7<C7,((C7-B7)*24)-D7,(((1-B7)+C7)*24)-D7)) -> 0 | F7: =IF(AND(C7=0,G7=0),24,IF(C7=0,12+(G7*24),IF(C7<G7,((G7-C7)*24),IF(G7=0,(1-C7+0.5)*24,((1-C7)+G7)*24)))) -> 24 | G7: =IFERROR(VLOOKUP(Vaktplan!$A$40,Vaktplan!$I$4:$CL$35,86-AH60,FALSE),0) -> 0 | H7: =IFERROR(VLOOKUP(Vaktplan!$A$40,Vaktplan!$I$4:$CL$35,86-AG60,FALSE),0) -> 0 | I7: =IFERROR(VLOOKUP(Vaktplan!$A$40,Vaktplan!$I$4:$CL$35,89-$AH60,FALSE),0) -> 0 | J7: =IF(AND(G7=0,H7=0),0,IF(G7<H7,((H7-G7)*24)-I7,(((1-G7)+H7)*24)-I7)) -> 0 | K7: =IF(AND(H7=0,L7=0),24,IF(H7=0,12+(L7*24),IF(H7<L7,((L7-H7)*24),IF(L7=0,(1-H7+0.5)*24,((1-H7)+L7)*24)))) -> 24 | L7: =IFERROR(VLOOKUP(Vaktplan!$A$40,Vaktplan!$J$4:$CL$35,86-AI60,FALSE),0) -> 0 | M7: =IFERROR(VLOOKUP(Vaktplan!$A$40,Vaktplan!$J$4:$CL$35,86-AH60,FALSE),0) -> 0 | N7: =IFERROR(VLOOKUP(Vaktplan!$A$40,Vaktplan!$J$4:$CL$35,89-$AI60,FALSE),0) -> 0 | O7: =IF(AND(L7=0,M7=0),0,IF(L7<M7,((M7-L7)*24)-N7,(((1-L7)+M7)*24)-N7)) -> 0 | P7: =IF(AND(M7=0,Q7=0),24,IF(M7=0,12+(Q7*24),IF(M7<Q7,((Q7-M7)*24),IF(Q7=0,(1-M7+0.5)*24,((1-M7)+Q7)*24)))) -> 24 | Q7: =IFERROR(VLOOKUP(Vaktplan!$A$40,Vaktplan!$K$4:$CL$35,86-AJ60,FALSE),0) -> 0 | R7: =IFERROR(VLOOKUP(Vaktplan!$A$40,Vaktplan!$K$4:$CL$35,86-AI60,FALSE),0) -> 0 | S7: =IFERROR(VLOOKUP(Vaktplan!$A$40,Vaktplan!$K$4:$CL$35,89-$AJ60,FALSE),0) -> 0 | T7: =IF(AND(Q7=0,R7=0),0,IF(Q7<R7,((R7-Q7)*24)-S7,(((1-Q7)+R7)*24)-S7)) -> 0 | U7: =IF(AND(R7=0,V7=0),24,IF(R7=0,12+(V7*24),IF(R7<V7,((V7-R7)*24),IF(V7=0,(1-R7+0.5)*24,((1-R7)+V7)*24)))) -> 24 | V7: =IFERROR(VLOOKUP(Vaktplan!$A$40,Vaktplan!$L$4:$CL$35,86-AK60,FALSE),0) -> 0 | W7: =IFERROR(VLOOKUP(Vaktplan!$A$40,Vaktplan!$L$4:$CL$35,86-AJ60,FALSE),0) -> 0 | X7: =IFERROR(VLOOKUP(Vaktplan!$A$40,Vaktplan!$L$4:$CL$35,89-$AK60,FALSE),0) -> 0 | Y7: =IF(AND(V7=0,W7=0),0,IF(V7<W7,((W7-V7)*24)-X7,(((1-V7)+W7)*24)-X7)) -> 0 | Z7: =IF(AND(W7=0,AA7=0),24,IF(W7=0,12+(AA7*24),IF(W7<AA7,((AA7-W7)*24),IF(AA7=0,(1-W7+0.5)*24,((1-W7)+AA7)*24)))) -> 24 | AA7: =IFERROR(VLOOKUP(Vaktplan!$A$40,Vaktplan!$M$4:$CL$35,86-AL60,FALSE),0) -> 0 | AB7: =IFERROR(VLOOKUP(Vaktplan!$A$40,Vaktplan!$M$4:$CL$35,86-AK60,FALSE),0) -> 0 | AC7: =IFERROR(VLOOKUP(Vaktplan!$A$40,Vaktplan!$M$4:$CL$35,89-$AL60,FALSE),0) -> 0 | AD7: =IF(AND(AA7=0,AB7=0),0,IF(AA7<AB7,((AB7-AA7)*24)-AC7,(((1-AA7)+AB7)*24)-AC7)) -> 0 | AE7: =IF(AND(AB7=0,AF7=0),24,IF(AB7=0,12+(AF7*24),IF(AB7<AF7,((AF7-AB7)*24),IF(AF7=0,(1-AB7+0.5)*24,((1-AB7)+AF7)*24)))) -> 24 | AF7: =IFERROR(VLOOKUP(Vaktplan!$A$40,Vaktplan!$N$4:$CL$35,86-AM60,FALSE),0) -> 0 | AG7: =IFERROR(VLOOKUP(Vaktplan!$A$40,Vaktplan!$N$4:$CL$35,86-AL60,FALSE),0) -> 0 | AH7: =IFERROR(VLOOKUP(Vaktplan!$A$40,Vaktplan!$N$4:$CL$35,89-$AM60,FALSE),0) -> 0 | AI7: =IF(AND(AF7=0,AG7=0),0,IF(AF7<AG7,((AG7-AF7)*24)-AH7,(((1-AF7)+AG7)*24)-AH7)) -> 0 | AJ7: =IF($M$1=AL29,IF(AND(AG7=0,B7=0),24,IF(AG7=0,12+($B$6*24),IF(AG7<$B$6,(($B$6-AG7)*24),IF($B$6=0,(1-AG7+1)*24,((1-AG7)+$B$6)*24)))),IF(AND(AG7=0,B8=0),24,IF(AG7=0,12+(B8*24),IF(AG7<B8,((B8-AG7)*24),IF(B8=0,(1-AG7+1)*24,((1-AG7)+B8)*24))))) -> 24 | AK7: =E7+J7+O7+T7+Y7+AD7+AI7 -> 0 | AL7: =AJ7 -> 24 | AM7: =AK7 -> 0
A8: =IF($M$1>=3,3,0) -> 3 | B8: =IFERROR(VLOOKUP(Vaktplan!$A$40,Vaktplan!$O$4:$CL$35,87-AH61,FALSE),0) -> 0 | C8: =IFERROR(VLOOKUP(Vaktplan!$A$40,Vaktplan!$O$4:$CL$35,87-AG61,FALSE),0) -> 0 | D8: =IFERROR(VLOOKUP(Vaktplan!$A$40,Vaktplan!$O$4:$CL$35,89-AG61,FALSE),0) -> 0 | E8: =IF(AND(B8=0,C8=0),0,IF(B8<C8,((C8-B8)*24)-D8,(((1-B8)+C8)*24)-D8)) -> 0 | F8: =IF(AND(C8=0,G8=0),24,IF(C8=0,12+(G8*24),IF(C8<G8,((G8-C8)*24),IF(G8=0,(1-C8+0.5)*24,((1-C8)+G8)*24)))) -> 24 | G8: =IFERROR(VLOOKUP(Vaktplan!$A$40,Vaktplan!$P$4:$CL$35,86-AH61,FALSE),0) -> 0 | H8: =IFERROR(VLOOKUP(Vaktplan!$A$40,Vaktplan!$P$4:$CL$35,86-AG61,FALSE),0) -> 0 | I8: =IFERROR(VLOOKUP(Vaktplan!$A$40,Vaktplan!$P$4:$CL$35,89-$AH61,FALSE),0) -> 0 | J8: =IF(AND(G8=0,H8=0),0,IF(G8<H8,((H8-G8)*24)-I8,(((1-G8)+H8)*24)-I8)) -> 0 | K8: =IF(AND(H8=0,L8=0),24,IF(H8=0,12+(L8*24),IF(H8<L8,((L8-H8)*24),IF(L8=0,(1-H8+0.5)*24,((1-H8)+L8)*24)))) -> 24 | L8: =IFERROR(VLOOKUP(Vaktplan!$A$40,Vaktplan!$Q$4:$CL$35,86-AI61,FALSE),0) -> 0 | M8: =IFERROR(VLOOKUP(Vaktplan!$A$40,Vaktplan!$Q$4:$CL$35,86-AH61,FALSE),0) -> 0 | N8: =IFERROR(VLOOKUP(Vaktplan!$A$40,Vaktplan!$Q$4:$CL$35,89-$AI61,FALSE),0) -> 0 | O8: =IF(AND(L8=0,M8=0),0,IF(L8<M8,((M8-L8)*24)-N8,(((1-L8)+M8)*24)-N8)) -> 0 | P8: =IF(AND(M8=0,Q8=0),24,IF(M8=0,12+(Q8*24),IF(M8<Q8,((Q8-M8)*24),IF(Q8=0,(1-M8+0.5)*24,((1-M8)+Q8)*24)))) -> 24 | Q8: =IFERROR(VLOOKUP(Vaktplan!$A$40,Vaktplan!$R$4:$CL$35,86-AJ61,FALSE),0) -> 0 | R8: =IFERROR(VLOOKUP(Vaktplan!$A$40,Vaktplan!$R$4:$CL$35,86-AI61,FALSE),0) -> 0 | S8: =IFERROR(VLOOKUP(Vaktplan!$A$40,Vaktplan!$R$4:$CL$35,89-$AJ61,FALSE),0) -> 0 | T8: =IF(AND(Q8=0,R8=0),0,IF(Q8<R8,((R8-Q8)*24)-S8,(((1-Q8)+R8)*24)-S8)) -> 0 | U8: =IF(AND(R8=0,V8=0),24,IF(R8=0,12+(V8*24),IF(R8<V8,((V8-R8)*24),IF(V8=0,(1-R8+0.5)*24,((1-R8)+V8)*24)))) -> 24 | V8: =IFERROR(VLOOKUP(Vaktplan!$A$40,Vaktplan!$S$4:$CL$35,86-AK61,FALSE),0) -> 0 | W8: =IFERROR(VLOOKUP(Vaktplan!$A$40,Vaktplan!$S$4:$CL$35,86-AJ61,FALSE),0) -> 0 | X8: =IFERROR(VLOOKUP(Vaktplan!$A$40,Vaktplan!$S$4:$CL$35,89-$AK61,FALSE),0) -> 0 | Y8: =IF(AND(V8=0,W8=0),0,IF(V8<W8,((W8-V8)*24)-X8,(((1-V8)+W8)*24)-X8)) -> 0 | Z8: =IF(AND(W8=0,AA8=0),24,IF(W8=0,12+(AA8*24),IF(W8<AA8,((AA8-W8)*24),IF(AA8=0,(1-W8+0.5)*24,((1-W8)+AA8)*24)))) -> 24 | AA8: =IFERROR(VLOOKUP(Vaktplan!$A$40,Vaktplan!$T$4:$CL$35,86-AL61,FALSE),0) -> 0 | AB8: =IFERROR(VLOOKUP(Vaktplan!$A$40,Vaktplan!$T$4:$CL$35,86-AK61,FALSE),0) -> 0 | AC8: =IFERROR(VLOOKUP(Vaktplan!$A$40,Vaktplan!$T$4:$CL$35,89-$AL61,FALSE),0) -> 0 | AD8: =IF(AND(AA8=0,AB8=0),0,IF(AA8<AB8,((AB8-AA8)*24)-AC8,(((1-AA8)+AB8)*24)-AC8)) -> 0 | AE8: =IF(AND(AB8=0,AF8=0),24,IF(AB8=0,12+(AF8*24),IF(AB8<AF8,((AF8-AB8)*24),IF(AF8=0,(1-AB8+0.5)*24,((1-AB8)+AF8)*24)))) -> 24 | AF8: =IFERROR(VLOOKUP(Vaktplan!$A$40,Vaktplan!$U$4:$CL$35,86-AM61,FALSE),0) -> 0 | AG8: =IFERROR(VLOOKUP(Vaktplan!$A$40,Vaktplan!$U$4:$CL$35,86-AL61,FALSE),0) -> 0 | AH8: =IFERROR(VLOOKUP(Vaktplan!$A$40,Vaktplan!$U$4:$CL$35,89-$AM61,FALSE),0) -> 0 | AI8: =IF(AND(AF8=0,AG8=0),0,IF(AF8<AG8,((AG8-AF8)*24)-AH8,(((1-AF8)+AG8)*24)-AH8)) -> 0 | AJ8: =IF($M$1=AL30,IF(AND(AG8=0,B8=0),24,IF(AG8=0,12+($B$6*24),IF(AG8<$B$6,(($B$6-AG8)*24),IF($B$6=0,(1-AG8+1)*24,((1-AG8)+$B$6)*24)))),IF(AND(AG8=0,B9=0),24,IF(AG8=0,12+(B9*24),IF(AG8<B9,((B9-AG8)*24),IF(B9=0,(1-AG8+1)*24,((1-AG8)+B9)*24))))) -> 24 | AK8: =E8+J8+O8+T8+Y8+AD8+AI8 -> 0 | AL8: =AJ8 -> 24 | AM8: =AK8 -> 0
A9: =IF($M$1>=4,4,0) -> 4 | B9: =IFERROR(VLOOKUP(Vaktplan!$A$40,Vaktplan!$V$4:$CL$35,87-AH62,FALSE),0) -> 0 | C9: =IFERROR(VLOOKUP(Vaktplan!$A$40,Vaktplan!$V$4:$CL$35,87-AG62,FALSE),0) -> 0 | D9: =IFERROR(VLOOKUP(Vaktplan!$A$40,Vaktplan!$V$4:$CL$35,89-AG62,FALSE),0) -> 0 | E9: =IF(AND(B9=0,C9=0),0,IF(B9<C9,((C9-B9)*24)-D9,(((1-B9)+C9)*24)-D9)) -> 0 | F9: =IF(AND(C9=0,G9=0),24,IF(C9=0,12+(G9*24),IF(C9<G9,((G9-C9)*24),IF(G9=0,(1-C9+0.5)*24,((1-C9)+G9)*24)))) -> 24 | G9: =IFERROR(VLOOKUP(Vaktplan!$A$40,Vaktplan!$W$4:$CL$35,86-AH62,FALSE),0) -> 0 | H9: =IFERROR(VLOOKUP(Vaktplan!$A$40,Vaktplan!$W$4:$CL$35,86-AG62,FALSE),0) -> 0 | I9: =IFERROR(VLOOKUP(Vaktplan!$A$40,Vaktplan!$W$4:$CL$35,89-$AH62,FALSE),0) -> 0 | J9: =IF(AND(G9=0,H9=0),0,IF(G9<H9,((H9-G9)*24)-I9,(((1-G9)+H9)*24)-I9)) -> 0 | K9: =IF(AND(H9=0,L9=0),24,IF(H9=0,12+(L9*24),IF(H9<L9,((L9-H9)*24),IF(L9=0,(1-H9+0.5)*24,((1-H9)+L9)*24)))) -> 24 | L9: =IFERROR(VLOOKUP(Vaktplan!$A$40,Vaktplan!$X$4:$CL$35,86-AI62,FALSE),0) -> 0 | M9: =IFERROR(VLOOKUP(Vaktplan!$A$40,Vaktplan!$X$4:$CL$35,86-AH62,FALSE),0) -> 0 | N9: =IFERROR(VLOOKUP(Vaktplan!$A$40,Vaktplan!$X$4:$CL$35,89-$AI62,FALSE),0) -> 0 | O9: =IF(AND(L9=0,M9=0),0,IF(L9<M9,((M9-L9)*24)-N9,(((1-L9)+M9)*24)-N9)) -> 0 | P9: =IF(AND(M9=0,Q9=0),24,IF(M9=0,12+(Q9*24),IF(M9<Q9,((Q9-M9)*24),IF(Q9=0,(1-M9+0.5)*24,((1-M9)+Q9)*24)))) -> 24 | Q9: =IFERROR(VLOOKUP(Vaktplan!$A$40,Vaktplan!$Y$4:$CL$35,86-AJ62,FALSE),0) -> 0 | R9: =IFERROR(VLOOKUP(Vaktplan!$A$40,Vaktplan!$Y$4:$CL$35,86-AI62,FALSE),0) -> 0 | S9: =IFERROR(VLOOKUP(Vaktplan!$A$40,Vaktplan!$Y$4:$CL$35,89-$AJ62,FALSE),0) -> 0 | T9: =IF(AND(Q9=0,R9=0),0,IF(Q9<R9,((R9-Q9)*24)-S9,(((1-Q9)+R9)*24)-S9)) -> 0 | U9: =IF(AND(R9=0,V9=0),24,IF(R9=0,12+(V9*24),IF(R9<V9,((V9-R9)*24),IF(V9=0,(1-R9+0.5)*24,((1-R9)+V9)*24)))) -> 24 | V9: =IFERROR(VLOOKUP(Vaktplan!$A$40,Vaktplan!$Z$4:$CL$35,86-AK62,FALSE),0) -> 0 | W9: =IFERROR(VLOOKUP(Vaktplan!$A$40,Vaktplan!$Z$4:$CL$35,86-AJ62,FALSE),0) -> 0 | X9: =IFERROR(VLOOKUP(Vaktplan!$A$40,Vaktplan!$Z$4:$CL$35,89-$AK62,FALSE),0) -> 0 | Y9: =IF(AND(V9=0,W9=0),0,IF(V9<W9,((W9-V9)*24)-X9,(((1-V9)+W9)*24)-X9)) -> 0 | Z9: =IF(AND(W9=0,AA9=0),24,IF(W9=0,12+(AA9*24),IF(W9<AA9,((AA9-W9)*24),IF(AA9=0,(1-W9+0.5)*24,((1-W9)+AA9)*24)))) -> 24 | AA9: =IFERROR(VLOOKUP(Vaktplan!$A$40,Vaktplan!$AA$4:$CL$35,86-AL62,FALSE),0) -> 0 | AB9: =IFERROR(VLOOKUP(Vaktplan!$A$40,Vaktplan!$AA$4:$CL$35,86-AK62,FALSE),0) -> 0 | AC9: =IFERROR(VLOOKUP(Vaktplan!$A$40,Vaktplan!$AA$4:$CL$35,89-$AL62,FALSE),0) -> 0 | AD9: =IF(AND(AA9=0,AB9=0),0,IF(AA9<AB9,((AB9-AA9)*24)-AC9,(((1-AA9)+AB9)*24)-AC9)) -> 0 | AE9: =IF(AND(AB9=0,AF9=0),24,IF(AB9=0,12+(AF9*24),IF(AB9<AF9,((AF9-AB9)*24),IF(AF9=0,(1-AB9+0.5)*24,((1-AB9)+AF9)*24)))) -> 24 | AF9: =IFERROR(VLOOKUP(Vaktplan!$A$40,Vaktplan!$AB$4:$CL$35,86-AM62,FALSE),0) -> 0 | AG9: =IFERROR(VLOOKUP(Vaktplan!$A$40,Vaktplan!$AB$4:$CL$35,86-AL62,FALSE),0) -> 0 | AH9: =IFERROR(VLOOKUP(Vaktplan!$A$40,Vaktplan!$AB$4:$CL$35,89-$AM62,FALSE),0) -> 0 | AI9: =IF(AND(AF9=0,AG9=0),0,IF(AF9<AG9,((AG9-AF9)*24)-AH9,(((1-AF9)+AG9)*24)-AH9)) -> 0 | AJ9: =IF($M$1=AL31,IF(AND(AG9=0,B9=0),24,IF(AG9=0,12+($B$6*24),IF(AG9<$B$6,(($B$6-AG9)*24),IF($B$6=0,(1-AG9+1)*24,((1-AG9)+$B$6)*24)))),IF(AND(AG9=0,B10=0),24,IF(AG9=0,12+(B10*24),IF(AG9<B10,((B10-AG9)*24),IF(B10=0,(1-AG9+1)*24,((1-AG9)+B10)*24))))) -> 24 | AK9: =E9+J9+O9+T9+Y9+AD9+AI9 -> 0 | AL9: =AJ9 -> 24 | AM9: =AK9 -> 0
A10: =IF($M$1>=5,5,0) -> 0 | B10: =IFERROR(VLOOKUP(Vaktplan!$A$40,Vaktplan!$AC$4:$CL$35,87-AH63,FALSE),0) -> 0 | C10: =IFERROR(VLOOKUP(Vaktplan!$A$40,Vaktplan!$AC$4:$CL$35,87-AG63,FALSE),0) -> 0 | D10: =IFERROR(VLOOKUP(Vaktplan!$A$40,Vaktplan!$AC$4:$CL$35,89-AG63,FALSE),0) -> 0 | E10: =IF(AND(B10=0,C10=0),0,IF(B10<C10,((C10-B10)*24)-D10,(((1-B10)+C10)*24)-D10)) -> 0 | F10: =IF(AND(C10=0,G10=0),24,IF(C10=0,12+(G10*24),IF(C10<G10,((G10-C10)*24),IF(G10=0,(1-C10+0.5)*24,((1-C10)+G10)*24)))) -> 24 | G10: =IFERROR(VLOOKUP(Vaktplan!$A$40,Vaktplan!$AD$4:$CL$35,86-AH63,FALSE),0) -> 0 | H10: =IFERROR(VLOOKUP(Vaktplan!$A$40,Vaktplan!$AD$4:$CL$35,86-AG63,FALSE),0) -> 0 | I10: =IFERROR(VLOOKUP(Vaktplan!$A$40,Vaktplan!$AD$4:$CL$35,89-$AH63,FALSE),0) -> 0 | J10: =IF(AND(G10=0,H10=0),0,IF(G10<H10,((H10-G10)*24)-I10,(((1-G10)+H10)*24)-I10)) -> 0 | K10: =IF(AND(H10=0,L10=0),24,IF(H10=0,12+(L10*24),IF(H10<L10,((L10-H10)*24),IF(L10=0,(1-H10+0.5)*24,((1-H10)+L10)*24)))) -> 24 | L10: =IFERROR(VLOOKUP(Vaktplan!$A$40,Vaktplan!$AE$4:$CL$35,86-AI63,FALSE),0) -> 0 | M10: =IFERROR(VLOOKUP(Vaktplan!$A$40,Vaktplan!$AE$4:$CL$35,86-AH63,FALSE),0) -> 0 | N10: =IFERROR(VLOOKUP(Vaktplan!$A$40,Vaktplan!$AE$4:$CL$35,89-$AI63,FALSE),0) -> 0 | O10: =IF(AND(L10=0,M10=0),0,IF(L10<M10,((M10-L10)*24)-N10,(((1-L10)+M10)*24)-N10)) -> 0 | P10: =IF(AND(M10=0,Q10=0),24,IF(M10=0,12+(Q10*24),IF(M10<Q10,((Q10-M10)*24),IF(Q10=0,(1-M10+0.5)*24,((1-M10)+Q10)*24)))) -> 24 | Q10: =IFERROR(VLOOKUP(Vaktplan!$A$40,Vaktplan!$AF$4:$CL$35,86-AJ63,FALSE),0) -> 0 | R10: =IFERROR(VLOOKUP(Vaktplan!$A$40,Vaktplan!$AF$4:$CL$35,86-AI63,FALSE),0) -> 0 | S10: =IFERROR(VLOOKUP(Vaktplan!$A$40,Vaktplan!$AF$4:$CL$35,89-$AJ63,FALSE),0) -> 0 | T10: =IF(AND(Q10=0,R10=0),0,IF(Q10<R10,((R10-Q10)*24)-S10,(((1-Q10)+R10)*24)-S10)) -> 0 | U10: =IF(AND(R10=0,V10=0),24,IF(R10=0,12+(V10*24),IF(R10<V10,((V10-R10)*24),IF(V10=0,(1-R10+0.5)*24,((1-R10)+V10)*24)))) -> 24 | V10: =IFERROR(VLOOKUP(Vaktplan!$A$40,Vaktplan!$AG$4:$CL$35,86-AK63,FALSE),0) -> 0 | W10: =IFERROR(VLOOKUP(Vaktplan!$A$40,Vaktplan!$AG$4:$CL$35,86-AJ63,FALSE),0) -> 0 | X10: =IFERROR(VLOOKUP(Vaktplan!$A$40,Vaktplan!$AG$4:$CL$35,89-$AK63,FALSE),0) -> 0 | Y10: =IF(AND(V10=0,W10=0),0,IF(V10<W10,((W10-V10)*24)-X10,(((1-V10)+W10)*24)-X10)) -> 0 | Z10: =IF(AND(W10=0,AA10=0),24,IF(W10=0,12+(AA10*24),IF(W10<AA10,((AA10-W10)*24),IF(AA10=0,(1-W10+0.5)*24,((1-W10)+AA10)*24)))) -> 24 | AA10: =IFERROR(VLOOKUP(Vaktplan!$A$40,Vaktplan!$AH$4:$CL$35,86-AL63,FALSE),0) -> 0 | AB10: =IFERROR(VLOOKUP(Vaktplan!$A$40,Vaktplan!$AH$4:$CL$35,86-AK63,FALSE),0) -> 0 | AC10: =IFERROR(VLOOKUP(Vaktplan!$A$40,Vaktplan!$AH$4:$CL$35,89-$AL63,FALSE),0) -> 0 | AD10: =IF(AND(AA10=0,AB10=0),0,IF(AA10<AB10,((AB10-AA10)*24)-AC10,(((1-AA10)+AB10)*24)-AC10)) -> 0 | AE10: =IF(AND(AB10=0,AF10=0),24,IF(AB10=0,12+(AF10*24),IF(AB10<AF10,((AF10-AB10)*24),IF(AF10=0,(1-AB10+0.5)*24,((1-AB10)+AF10)*24)))) -> 24 | AF10: =IFERROR(VLOOKUP(Vaktplan!$A$40,Vaktplan!$AI$4:$CL$35,86-AM63,FALSE),0) -> 0 | AG10: =IFERROR(VLOOKUP(Vaktplan!$A$40,Vaktplan!$AI$4:$CL$35,86-AL63,FALSE),0) -> 0 | AH10: =IFERROR(VLOOKUP(Vaktplan!$A$40,Vaktplan!$AI$4:$CL$35,89-$AM63,FALSE),0) -> 0 | AI10: =IF(AND(AF10=0,AG10=0),0,IF(AF10<AG10,((AG10-AF10)*24)-AH10,(((1-AF10)+AG10)*24)-AH10)) -> 0 | AJ10: =IF($M$1=AL32,IF(AND(AG10=0,B10=0),24,IF(AG10=0,12+($B$6*24),IF(AG10<$B$6,(($B$6-AG10)*24),IF($B$6=0,(1-AG10+1)*24,((1-AG10)+$B$6)*24)))),IF(AND(AG10=0,B11=0),24,IF(AG10=0,12+(B11*24),IF(AG10<B11,((B11-AG10)*24),IF(B11=0,(1-AG10+1)*24,((1-AG10)+B11)*24))))) -> 24 | AK10: =E10+J10+O10+T10+Y10+AD10+AI10 -> 0 | AL10: =AJ10 -> 24 | AM10: =AK10 -> 0
A11: =IF($M$1>=6,6,0) -> 0 | B11: =IFERROR(VLOOKUP(Vaktplan!$A$40,Vaktplan!$AJ$4:$CL$35,87-AH64,FALSE),0) -> 0 | C11: =IFERROR(VLOOKUP(Vaktplan!$A$40,Vaktplan!$AJ$4:$CL$35,87-AG64,FALSE),0) -> 0 | D11: =IFERROR(VLOOKUP(Vaktplan!$A$40,Vaktplan!$AJ$4:$CL$35,89-AG64,FALSE),0) -> 0 | E11: =IF(AND(B11=0,C11=0),0,IF(B11<C11,((C11-B11)*24)-D11,(((1-B11)+C11)*24)-D11)) -> 0 | F11: =IF(AND(C11=0,G11=0),24,IF(C11=0,12+(G11*24),IF(C11<G11,((G11-C11)*24),IF(G11=0,(1-C11+0.5)*24,((1-C11)+G11)*24)))) -> 24 | G11: =IFERROR(VLOOKUP(Vaktplan!$A$40,Vaktplan!$AK$4:$CL$35,86-AH64,FALSE),0) -> 0 | H11: =IFERROR(VLOOKUP(Vaktplan!$A$40,Vaktplan!$AK$4:$CL$35,86-AG64,FALSE),0) -> 0 | I11: =IFERROR(VLOOKUP(Vaktplan!$A$40,Vaktplan!$AK$4:$CL$35,89-$AH64,FALSE),0) -> 0 | J11: =IF(AND(G11=0,H11=0),0,IF(G11<H11,((H11-G11)*24)-I11,(((1-G11)+H11)*24)-I11)) -> 0 | K11: =IF(AND(H11=0,L11=0),24,IF(H11=0,12+(L11*24),IF(H11<L11,((L11-H11)*24),IF(L11=0,(1-H11+0.5)*24,((1-H11)+L11)*24)))) -> 24 | L11: =IFERROR(VLOOKUP(Vaktplan!$A$40,Vaktplan!$AL$4:$CL$35,86-AI64,FALSE),0) -> 0 | M11: =IFERROR(VLOOKUP(Vaktplan!$A$40,Vaktplan!$AL$4:$CL$35,86-AH64,FALSE),0) -> 0 | N11: =IFERROR(VLOOKUP(Vaktplan!$A$40,Vaktplan!$AL$4:$CL$35,89-$AI64,FALSE),0) -> 0 | O11: =IF(AND(L11=0,M11=0),0,IF(L11<M11,((M11-L11)*24)-N11,(((1-L11)+M11)*24)-N11)) -> 0 | P11: =IF(AND(M11=0,Q11=0),24,IF(M11=0,12+(Q11*24),IF(M11<Q11,((Q11-M11)*24),IF(Q11=0,(1-M11+0.5)*24,((1-M11)+Q11)*24)))) -> 24 | Q11: =IFERROR(VLOOKUP(Vaktplan!$A$40,Vaktplan!$AM$4:$CL$35,86-AJ64,FALSE),0) -> 0 | R11: =IFERROR(VLOOKUP(Vaktplan!$A$40,Vaktplan!$AM$4:$CL$35,86-AI64,FALSE),0) -> 0 | S11: =IFERROR(VLOOKUP(Vaktplan!$A$40,Vaktplan!$AM$4:$CL$35,89-$AJ64,FALSE),0) -> 0 | T11: =IF(AND(Q11=0,R11=0),0,IF(Q11<R11,((R11-Q11)*24)-S11,(((1-Q11)+R11)*24)-S11)) -> 0 | U11: =IF(AND(R11=0,V11=0),24,IF(R11=0,12+(V11*24),IF(R11<V11,((V11-R11)*24),IF(V11=0,(1-R11+0.5)*24,((1-R11)+V11)*24)))) -> 24 | V11: =IFERROR(VLOOKUP(Vaktplan!$A$40,Vaktplan!$AN$4:$CL$35,86-AK64,FALSE),0) -> 0 | W11: =IFERROR(VLOOKUP(Vaktplan!$A$40,Vaktplan!$AN$4:$CL$35,86-AJ64,FALSE),0) -> 0 | X11: =IFERROR(VLOOKUP(Vaktplan!$A$40,Vaktplan!$AN$4:$CL$35,89-$AK64,FALSE),0) -> 0 | Y11: =IF(AND(V11=0,W11=0),0,IF(V11<W11,((W11-V11)*24)-X11,(((1-V11)+W11)*24)-X11)) -> 0 | Z11: =IF(AND(W11=0,AA11=0),24,IF(W11=0,12+(AA11*24),IF(W11<AA11,((AA11-W11)*24),IF(AA11=0,(1-W11+0.5)*24,((1-W11)+AA11)*24)))) -> 24 | AA11: =IFERROR(VLOOKUP(Vaktplan!$A$40,Vaktplan!$AO$4:$CL$35,86-AL64,FALSE),0) -> 0 | AB11: =IFERROR(VLOOKUP(Vaktplan!$A$40,Vaktplan!$AO$4:$CL$35,86-AK64,FALSE),0) -> 0 | AC11: =IFERROR(VLOOKUP(Vaktplan!$A$40,Vaktplan!$AO$4:$CL$35,89-$AL64,FALSE),0) -> 0 | AD11: =IF(AND(AA11=0,AB11=0),0,IF(AA11<AB11,((AB11-AA11)*24)-AC11,(((1-AA11)+AB11)*24)-AC11)) -> 0 | AE11: =IF(AND(AB11=0,AF11=0),24,IF(AB11=0,12+(AF11*24),IF(AB11<AF11,((AF11-AB11)*24),IF(AF11=0,(1-AB11+0.5)*24,((1-AB11)+AF11)*24)))) -> 24 | AF11: =IFERROR(VLOOKUP(Vaktplan!$A$40,Vaktplan!$AP$4:$CL$35,86-AM64,FALSE),0) -> 0 | AG11: =IFERROR(VLOOKUP(Vaktplan!$A$40,Vaktplan!$AP$4:$CL$35,86-AL64,FALSE),0) -> 0 | AH11: =IFERROR(VLOOKUP(Vaktplan!$A$40,Vaktplan!$AP$4:$CL$35,89-$AM64,FALSE),0) -> 0 | AI11: =IF(AND(AF11=0,AG11=0),0,IF(AF11<AG11,((AG11-AF11)*24)-AH11,(((1-AF11)+AG11)*24)-AH11)) -> 0 | AJ11: =IF($M$1=AL33,IF(AND(AG11=0,B11=0),24,IF(AG11=0,12+($B$6*24),IF(AG11<$B$6,(($B$6-AG11)*24),IF($B$6=0,(1-AG11+1)*24,((1-AG11)+$B$6)*24)))),IF(AND(AG11=0,B12=0),24,IF(AG11=0,12+(B12*24),IF(AG11<B12,((B12-AG11)*24),IF(B12=0,(1-AG11+1)*24,((1-AG11)+B12)*24))))) -> 24 | AK11: =E11+J11+O11+T11+Y11+AD11+AI11 -> 0 | AL11: =AJ11 -> 24 | AM11: =AK11 -> 0
A12: =IF($M$1>=7,7,0) -> 0 | B12: =IFERROR(VLOOKUP(Vaktplan!$A$40,Vaktplan!$AQ$4:$CL$35,87-AH65,FALSE),0) -> 0 | C12: =IFERROR(VLOOKUP(Vaktplan!$A$40,Vaktplan!$AQ$4:$CL$35,87-AG65,FALSE),0) -> 0 | D12: =IFERROR(VLOOKUP(Vaktplan!$A$40,Vaktplan!$AQ$4:$CL$35,89-AG65,FALSE),0) -> 0 | E12: =IF(AND(B12=0,C12=0),0,IF(B12<C12,((C12-B12)*24)-D12,(((1-B12)+C12)*24)-D12)) -> 0 | F12: =IF(AND(C12=0,G12=0),24,IF(C12=0,12+(G12*24),IF(C12<G12,((G12-C12)*24),IF(G12=0,(1-C12+0.5)*24,((1-C12)+G12)*24)))) -> 24 | G12: =IFERROR(VLOOKUP(Vaktplan!$A$40,Vaktplan!$AR$4:$CL$35,86-AH65,FALSE),0) -> 0 | H12: =IFERROR(VLOOKUP(Vaktplan!$A$40,Vaktplan!$AR$4:$CL$35,86-AG65,FALSE),0) -> 0 | I12: =IFERROR(VLOOKUP(Vaktplan!$A$40,Vaktplan!$AR$4:$CL$35,89-$AH65,FALSE),0) -> 0 | J12: =IF(AND(G12=0,H12=0),0,IF(G12<H12,((H12-G12)*24)-I12,(((1-G12)+H12)*24)-I12)) -> 0 | K12: =IF(AND(H12=0,L12=0),24,IF(H12=0,12+(L12*24),IF(H12<L12,((L12-H12)*24),IF(L12=0,(1-H12+0.5)*24,((1-H12)+L12)*24)))) -> 24 | L12: =IFERROR(VLOOKUP(Vaktplan!$A$40,Vaktplan!$AS$4:$CL$35,86-AI65,FALSE),0) -> 0 | M12: =IFERROR(VLOOKUP(Vaktplan!$A$40,Vaktplan!$AS$4:$CL$35,86-AH65,FALSE),0) -> 0 | N12: =IFERROR(VLOOKUP(Vaktplan!$A$40,Vaktplan!$AS$4:$CL$35,89-$AI65,FALSE),0) -> 0 | O12: =IF(AND(L12=0,M12=0),0,IF(L12<M12,((M12-L12)*24)-N12,(((1-L12)+M12)*24)-N12)) -> 0 | P12: =IF(AND(M12=0,Q12=0),24,IF(M12=0,12+(Q12*24),IF(M12<Q12,((Q12-M12)*24),IF(Q12=0,(1-M12+0.5)*24,((1-M12)+Q12)*24)))) -> 24 | Q12: =IFERROR(VLOOKUP(Vaktplan!$A$40,Vaktplan!$AT$4:$CL$35,86-AJ65,FALSE),0) -> 0 | R12: =IFERROR(VLOOKUP(Vaktplan!$A$40,Vaktplan!$AT$4:$CL$35,86-AI65,FALSE),0) -> 0 | S12: =IFERROR(VLOOKUP(Vaktplan!$A$40,Vaktplan!$AT$4:$CL$35,89-$AJ65,FALSE),0) -> 0 | T12: =IF(AND(Q12=0,R12=0),0,IF(Q12<R12,((R12-Q12)*24)-S12,(((1-Q12)+R12)*24)-S12)) -> 0 | U12: =IF(AND(R12=0,V12=0),24,IF(R12=0,12+(V12*24),IF(R12<V12,((V12-R12)*24),IF(V12=0,(1-R12+0.5)*24,((1-R12)+V12)*24)))) -> 24 | V12: =IFERROR(VLOOKUP(Vaktplan!$A$40,Vaktplan!$AU$4:$CL$35,86-AK65,FALSE),0) -> 0 | W12: =IFERROR(VLOOKUP(Vaktplan!$A$40,Vaktplan!$AU$4:$CL$35,86-AJ65,FALSE),0) -> 0 | X12: =IFERROR(VLOOKUP(Vaktplan!$A$40,Vaktplan!$AU$4:$CL$35,89-$AK65,FALSE),0) -> 0 | Y12: =IF(AND(V12=0,W12=0),0,IF(V12<W12,((W12-V12)*24)-X12,(((1-V12)+W12)*24)-X12)) -> 0 | Z12: =IF(AND(W12=0,AA12=0),24,IF(W12=0,12+(AA12*24),IF(W12<AA12,((AA12-W12)*24),IF(AA12=0,(1-W12+0.5)*24,((1-W12)+AA12)*24)))) -> 24 | AA12: =IFERROR(VLOOKUP(Vaktplan!$A$40,Vaktplan!$AV$4:$CL$35,86-AL65,FALSE),0) -> 0 | AB12: =IFERROR(VLOOKUP(Vaktplan!$A$40,Vaktplan!$AV$4:$CL$35,86-AK65,FALSE),0) -> 0 | AC12: =IFERROR(VLOOKUP(Vaktplan!$A$40,Vaktplan!$AV$4:$CL$35,89-$AL65,FALSE),0) -> 0 | AD12: =IF(AND(AA12=0,AB12=0),0,IF(AA12<AB12,((AB12-AA12)*24)-AC12,(((1-AA12)+AB12)*24)-AC12)) -> 0 | AE12: =IF(AND(AB12=0,AF12=0),24,IF(AB12=0,12+(AF12*24),IF(AB12<AF12,((AF12-AB12)*24),IF(AF12=0,(1-AB12+0.5)*24,((1-AB12)+AF12)*24)))) -> 24 | AF12: =IFERROR(VLOOKUP(Vaktplan!$A$40,Vaktplan!$AW$4:$CL$35,86-AM65,FALSE),0) -> 0 | AG12: =IFERROR(VLOOKUP(Vaktplan!$A$40,Vaktplan!$AW$4:$CL$35,86-AL65,FALSE),0) -> 0 | AH12: =IFERROR(VLOOKUP(Vaktplan!$A$40,Vaktplan!$AW$4:$CL$35,89-$AM65,FALSE),0) -> 0 | AI12: =IF(AND(AF12=0,AG12=0),0,IF(AF12<AG12,((AG12-AF12)*24)-AH12,(((1-AF12)+AG12)*24)-AH12)) -> 0 | AJ12: =IF($M$1=AL34,IF(AND(AG12=0,B12=0),24,IF(AG12=0,12+($B$6*24),IF(AG12<$B$6,(($B$6-AG12)*24),IF($B$6=0,(1-AG12+1)*24,((1-AG12)+$B$6)*24)))),IF(AND(AG12=0,B13=0),24,IF(AG12=0,12+(B13*24),IF(AG12<B13,((B13-AG12)*24),IF(B13=0,(1-AG12+1)*24,((1-AG12)+B13)*24))))) -> 24 | AK12: =E12+J12+O12+T12+Y12+AD12+AI12 -> 0 | AL12: =AJ12 -> 24 | AM12: =AK12 -> 0
A13: =IF($M$1>=8,8,0) -> 0 | B13: =IFERROR(VLOOKUP(Vaktplan!$A$40,Vaktplan!$AX$4:$CL$35,87-AH66,FALSE),0) -> 0 | C13: =IFERROR(VLOOKUP(Vaktplan!$A$40,Vaktplan!$AX$4:$CL$35,87-AG66,FALSE),0) -> 0 | D13: =IFERROR(VLOOKUP(Vaktplan!$A$40,Vaktplan!$AX$4:$CL$35,89-AG66,FALSE),0) -> 0 | E13: =IF(AND(B13=0,C13=0),0,IF(B13<C13,((C13-B13)*24)-D13,(((1-B13)+C13)*24)-D13)) -> 0 | F13: =IF(AND(C13=0,G13=0),24,IF(C13=0,12+(G13*24),IF(C13<G13,((G13-C13)*24),IF(G13=0,(1-C13+0.5)*24,((1-C13)+G13)*24)))) -> 24 | G13: =IFERROR(VLOOKUP(Vaktplan!$A$40,Vaktplan!$AY$4:$CL$35,86-AH66,FALSE),0) -> 0 | H13: =IFERROR(VLOOKUP(Vaktplan!$A$40,Vaktplan!$AY$4:$CL$35,86-AG66,FALSE),0) -> 0 | I13: =IFERROR(VLOOKUP(Vaktplan!$A$40,Vaktplan!$AY$4:$CL$35,89-$AH66,FALSE),0) -> 0 | J13: =IF(AND(G13=0,H13=0),0,IF(G13<H13,((H13-G13)*24)-I13,(((1-G13)+H13)*24)-I13)) -> 0 | K13: =IF(AND(H13=0,L13=0),24,IF(H13=0,12+(L13*24),IF(H13<L13,((L13-H13)*24),IF(L13=0,(1-H13+0.5)*24,((1-H13)+L13)*24)))) -> 24 | L13: =IFERROR(VLOOKUP(Vaktplan!$A$40,Vaktplan!$AZ$4:$CL$35,86-AI66,FALSE),0) -> 0 | M13: =IFERROR(VLOOKUP(Vaktplan!$A$40,Vaktplan!$AZ$4:$CL$35,86-AH66,FALSE),0) -> 0 | N13: =IFERROR(VLOOKUP(Vaktplan!$A$40,Vaktplan!$AZ$4:$CL$35,89-$AI66,FALSE),0) -> 0 | O13: =IF(AND(L13=0,M13=0),0,IF(L13<M13,((M13-L13)*24)-N13,(((1-L13)+M13)*24)-N13)) -> 0 | P13: =IF(AND(M13=0,Q13=0),24,IF(M13=0,12+(Q13*24),IF(M13<Q13,((Q13-M13)*24),IF(Q13=0,(1-M13+0.5)*24,((1-M13)+Q13)*24)))) -> 24 | Q13: =IFERROR(VLOOKUP(Vaktplan!$A$40,Vaktplan!$BA$4:$CL$35,86-AJ66,FALSE),0) -> 0 | R13: =IFERROR(VLOOKUP(Vaktplan!$A$40,Vaktplan!$BA$4:$CL$35,86-AI66,FALSE),0) -> 0 | S13: =IFERROR(VLOOKUP(Vaktplan!$A$40,Vaktplan!$BA$4:$CL$35,89-$AJ66,FALSE),0) -> 0 | T13: =IF(AND(Q13=0,R13=0),0,IF(Q13<R13,((R13-Q13)*24)-S13,(((1-Q13)+R13)*24)-S13)) -> 0 | U13: =IF(AND(R13=0,V13=0),24,IF(R13=0,12+(V13*24),IF(R13<V13,((V13-R13)*24),IF(V13=0,(1-R13+0.5)*24,((1-R13)+V13)*24)))) -> 24 | V13: =IFERROR(VLOOKUP(Vaktplan!$A$40,Vaktplan!$BB$4:$CL$35,86-AK66,FALSE),0) -> 0 | W13: =IFERROR(VLOOKUP(Vaktplan!$A$40,Vaktplan!$BB$4:$CL$35,86-AJ66,FALSE),0) -> 0 | X13: =IFERROR(VLOOKUP(Vaktplan!$A$40,Vaktplan!$BB$4:$CL$35,89-$AK66,FALSE),0) -> 0 | Y13: =IF(AND(V13=0,W13=0),0,IF(V13<W13,((W13-V13)*24)-X13,(((1-V13)+W13)*24)-X13)) -> 0 | Z13: =IF(AND(W13=0,AA13=0),24,IF(W13=0,12+(AA13*24),IF(W13<AA13,((AA13-W13)*24),IF(AA13=0,(1-W13+0.5)*24,((1-W13)+AA13)*24)))) -> 24 | AA13: =IFERROR(VLOOKUP(Vaktplan!$A$40,Vaktplan!$BC$4:$CL$35,86-AL66,FALSE),0) -> 0 | AB13: =IFERROR(VLOOKUP(Vaktplan!$A$40,Vaktplan!$BC$4:$CL$35,86-AK66,FALSE),0) -> 0 | AC13: =IFERROR(VLOOKUP(Vaktplan!$A$40,Vaktplan!$BC$4:$CL$35,89-$AL66,FALSE),0) -> 0 | AD13: =IF(AND(AA13=0,AB13=0),0,IF(AA13<AB13,((AB13-AA13)*24)-AC13,(((1-AA13)+AB13)*24)-AC13)) -> 0 | AE13: =IF(AND(AB13=0,AF13=0),24,IF(AB13=0,12+(AF13*24),IF(AB13<AF13,((AF13-AB13)*24),IF(AF13=0,(1-AB13+0.5)*24,((1-AB13)+AF13)*24)))) -> 24 | AF13: =IFERROR(VLOOKUP(Vaktplan!$A$40,Vaktplan!$BD$4:$CL$35,86-AM66,FALSE),0) -> 0 | AG13: =IFERROR(VLOOKUP(Vaktplan!$A$40,Vaktplan!$BD$4:$CL$35,86-AL66,FALSE),0) -> 0 | AH13: =IFERROR(VLOOKUP(Vaktplan!$A$40,Vaktplan!$BD$4:$CL$35,89-$AM66,FALSE),0) -> 0 | AI13: =IF(AND(AF13=0,AG13=0),0,IF(AF13<AG13,((AG13-AF13)*24)-AH13,(((1-AF13)+AG13)*24)-AH13)) -> 0 | AJ13: =IF($M$1=AL35,IF(AND(AG13=0,B13=0),24,IF(AG13=0,12+($B$6*24),IF(AG13<$B$6,(($B$6-AG13)*24),IF($B$6=0,(1-AG13+1)*24,((1-AG13)+$B$6)*24)))),IF(AND(AG13=0,B14=0),24,IF(AG13=0,12+(B14*24),IF(AG13<B14,((B14-AG13)*24),IF(B14=0,(1-AG13+1)*24,((1-AG13)+B14)*24))))) -> 24 | AK13: =E13+J13+O13+T13+Y13+AD13+AI13 -> 0 | AL13: =AJ13 -> 24 | AM13: =AK13 -> 0
A14: 9 | B14: =IFERROR(VLOOKUP(Vaktplan!$A$40,Vaktplan!$BE$4:$CL$35,87-AH67,FALSE),0) -> 0 | C14: =IFERROR(VLOOKUP(Vaktplan!$A$40,Vaktplan!$BE$4:$CL$35,87-AG67,FALSE),0) -> 0 | D14: =IFERROR(VLOOKUP(Vaktplan!$A$40,Vaktplan!$BE$4:$CL$35,89-AG67,FALSE),0) -> 0 | E14: =IF(AND(B14=0,C14=0),0,IF(B14<C14,((C14-B14)*24)-D14,(((1-B14)+C14)*24)-D14)) -> 0 | F14: =IF(AND(C14=0,G14=0),24,IF(C14=0,12+(G14*24),IF(C14<G14,((G14-C14)*24),IF(G14=0,(1-C14+0.5)*24,((1-C14)+G14)*24)))) -> 24 | G14: =IFERROR(VLOOKUP(Vaktplan!$A$40,Vaktplan!$BF$4:$CL$35,86-AH67,FALSE),0) -> 0 | H14: =IFERROR(VLOOKUP(Vaktplan!$A$40,Vaktplan!$BF$4:$CL$35,86-AG67,FALSE),0) -> 0 | I14: =IFERROR(VLOOKUP(Vaktplan!$A$40,Vaktplan!$BF$4:$CL$35,89-$AH67,FALSE),0) -> 0 | J14: =IF(AND(G14=0,H14=0),0,IF(G14<H14,((H14-G14)*24)-I14,(((1-G14)+H14)*24)-I14)) -> 0 | K14: =IF(AND(H14=0,L14=0),24,IF(H14=0,12+(L14*24),IF(H14<L14,((L14-H14)*24),IF(L14=0,(1-H14+0.5)*24,((1-H14)+L14)*24)))) -> 24 | L14: =IFERROR(VLOOKUP(Vaktplan!$A$40,Vaktplan!$BG$4:$CL$35,86-AI67,FALSE),0) -> 0 | M14: =IFERROR(VLOOKUP(Vaktplan!$A$40,Vaktplan!$BG$4:$CL$35,86-AH67,FALSE),0) -> 0 | N14: =IFERROR(VLOOKUP(Vaktplan!$A$40,Vaktplan!$BG$4:$CL$35,89-$AI67,FALSE),0) -> 0 | O14: =IF(AND(L14=0,M14=0),0,IF(L14<M14,((M14-L14)*24)-N14,(((1-L14)+M14)*24)-N14)) -> 0 | P14: =IF(AND(M14=0,Q14=0),24,IF(M14=0,12+(Q14*24),IF(M14<Q14,((Q14-M14)*24),IF(Q14=0,(1-M14+0.5)*24,((1-M14)+Q14)*24)))) -> 24 | Q14: =IFERROR(VLOOKUP(Vaktplan!$A$40,Vaktplan!$BH$4:$CL$35,86-AJ67,FALSE),0) -> 0 | R14: =IFERROR(VLOOKUP(Vaktplan!$A$40,Vaktplan!$BH$4:$CL$35,86-AI67,FALSE),0) -> 0 | S14: =IFERROR(VLOOKUP(Vaktplan!$A$40,Vaktplan!$BH$4:$CL$35,89-$AJ67,FALSE),0) -> 0 | T14: =IF(AND(Q14=0,R14=0),0,IF(Q14<R14,((R14-Q14)*24)-S14,(((1-Q14)+R14)*24)-S14)) -> 0 | U14: =IF(AND(R14=0,V14=0),24,IF(R14=0,12+(V14*24),IF(R14<V14,((V14-R14)*24),IF(V14=0,(1-R14+0.5)*24,((1-R14)+V14)*24)))) -> 24 | V14: =IFERROR(VLOOKUP(Vaktplan!$A$40,Vaktplan!$BI$4:$CL$35,86-AK67,FALSE),0) -> 0 | W14: =IFERROR(VLOOKUP(Vaktplan!$A$40,Vaktplan!$BI$4:$CL$35,86-AJ67,FALSE),0) -> 0 | X14: =IFERROR(VLOOKUP(Vaktplan!$A$40,Vaktplan!$BI$4:$CL$35,89-$AK67,FALSE),0) -> 0 | Y14: =IF(AND(V14=0,W14=0),0,IF(V14<W14,((W14-V14)*24)-X14,(((1-V14)+W14)*24)-X14)) -> 0 | Z14: =IF(AND(W14=0,AA14=0),24,IF(W14=0,12+(AA14*24),IF(W14<AA14,((AA14-W14)*24),IF(AA14=0,(1-W14+0.5)*24,((1-W14)+AA14)*24)))) -> 24 | AA14: =IFERROR(VLOOKUP(Vaktplan!$A$40,Vaktplan!$BJ$4:$CL$35,86-AL67,FALSE),0) -> 0 | AB14: =IFERROR(VLOOKUP(Vaktplan!$A$40,Vaktplan!$BJ$4:$CL$35,86-AK67,FALSE),0) -> 0 | AC14: =IFERROR(VLOOKUP(Vaktplan!$A$40,Vaktplan!$BJ$4:$CL$35,89-$AL67,FALSE),0) -> 0 | AD14: =IF(AND(AA14=0,AB14=0),0,IF(AA14<AB14,((AB14-AA14)*24)-AC14,(((1-AA14)+AB14)*24)-AC14)) -> 0 | AE14: =IF(AND(AB14=0,AF14=0),24,IF(AB14=0,12+(AF14*24),IF(AB14<AF14,((AF14-AB14)*24),IF(AF14=0,(1-AB14+0.5)*24,((1-AB14)+AF14)*24)))) -> 24 | AF14: =IFERROR(VLOOKUP(Vaktplan!$A$40,Vaktplan!$BK$4:$CL$35,86-AM67,FALSE),0) -> 0 | AG14: =IFERROR(VLOOKUP(Vaktplan!$A$40,Vaktplan!$BK$4:$CL$35,86-AL67,FALSE),0) -> 0 | AH14: =IFERROR(VLOOKUP(Vaktplan!$A$40,Vaktplan!$BK$4:$CL$35,89-$AM67,FALSE),0) -> 0 | AI14: =IF(AND(AF14=0,AG14=0),0,IF(AF14<AG14,((AG14-AF14)*24)-AH14,(((1-AF14)+AG14)*24)-AH14)) -> 0 | AJ14: =IF($M$1=AL36,IF(AND(AG14=0,B14=0),24,IF(AG14=0,12+($B$6*24),IF(AG14<$B$6,(($B$6-AG14)*24),IF($B$6=0,(1-AG14+1)*24,((1-AG14)+$B$6)*24)))),IF(AND(AG14=0,B15=0),24,IF(AG14=0,12+(B15*24),IF(AG14<B15,((B15-AG14)*24),IF(B15=0,(1-AG14+1)*24,((1-AG14)+B15)*24))))) -> 24 | AK14: =E14+J14+O14+T14+Y14+AD14+AI14 -> 0
A15: 10 | B15: =IFERROR(VLOOKUP(Vaktplan!$A$40,Vaktplan!$BL$4:$CL$35,87-AH68,FALSE),0) -> 0 | C15: =IFERROR(VLOOKUP(Vaktplan!$A$40,Vaktplan!$BL$4:$CL$35,87-AG68,FALSE),0) -> 0 | D15: =IFERROR(VLOOKUP(Vaktplan!$A$40,Vaktplan!$BL$4:$CL$35,89-AG68,FALSE),0) -> 0 | E15: =IF(AND(B15=0,C15=0),0,IF(B15<C15,((C15-B15)*24)-D15,(((1-B15)+C15)*24)-D15)) -> 0 | F15: =IF(AND(C15=0,G15=0),24,IF(C15=0,12+(G15*24),IF(C15<G15,((G15-C15)*24),IF(G15=0,(1-C15+0.5)*24,((1-C15)+G15)*24)))) -> 24 | G15: =IFERROR(VLOOKUP(Vaktplan!$A$40,Vaktplan!$BM$4:$CL$35,86-AH68,FALSE),0) -> 0 | H15: =IFERROR(VLOOKUP(Vaktplan!$A$40,Vaktplan!$BM$4:$CL$35,86-AG68,FALSE),0) -> 0 | I15: =IFERROR(VLOOKUP(Vaktplan!$A$40,Vaktplan!$BM$4:$CL$35,89-$AH68,FALSE),0) -> 0 | J15: =IF(AND(G15=0,H15=0),0,IF(G15<H15,((H15-G15)*24)-I15,(((1-G15)+H15)*24)-I15)) -> 0 | K15: =IF(AND(H15=0,L15=0),24,IF(H15=0,12+(L15*24),IF(H15<L15,((L15-H15)*24),IF(L15=0,(1-H15+0.5)*24,((1-H15)+L15)*24)))) -> 24 | L15: =IFERROR(VLOOKUP(Vaktplan!$A$40,Vaktplan!$BN$4:$CL$35,86-AI68,FALSE),0) -> 0 | M15: =IFERROR(VLOOKUP(Vaktplan!$A$40,Vaktplan!$BN$4:$CL$35,86-AH68,FALSE),0) -> 0 | N15: =IFERROR(VLOOKUP(Vaktplan!$A$40,Vaktplan!$BN$4:$CL$35,89-$AI68,FALSE),0) -> 0 | O15: =IF(AND(L15=0,M15=0),0,IF(L15<M15,((M15-L15)*24)-N15,(((1-L15)+M15)*24)-N15)) -> 0 | P15: =IF(AND(M15=0,Q15=0),24,IF(M15=0,12+(Q15*24),IF(M15<Q15,((Q15-M15)*24),IF(Q15=0,(1-M15+0.5)*24,((1-M15)+Q15)*24)))) -> 24 | Q15: =IFERROR(VLOOKUP(Vaktplan!$A$40,Vaktplan!$BO$4:$CL$35,86-AJ68,FALSE),0) -> 0 | R15: =IFERROR(VLOOKUP(Vaktplan!$A$40,Vaktplan!$BO$4:$CL$35,86-AI68,FALSE),0) -> 0 | S15: =IFERROR(VLOOKUP(Vaktplan!$A$40,Vaktplan!$BO$4:$CL$35,89-$AJ68,FALSE),0) -> 0 | T15: =IF(AND(Q15=0,R15=0),0,IF(Q15<R15,((R15-Q15)*24)-S15,(((1-Q15)+R15)*24)-S15)) -> 0 | U15: =IF(AND(R15=0,V15=0),24,IF(R15=0,12+(V15*24),IF(R15<V15,((V15-R15)*24),IF(V15=0,(1-R15+0.5)*24,((1-R15)+V15)*24)))) -> 24 | V15: =IFERROR(VLOOKUP(Vaktplan!$A$40,Vaktplan!$BP$4:$CL$35,86-AK68,FALSE),0) -> 0 | W15: =IFERROR(VLOOKUP(Vaktplan!$A$40,Vaktplan!$BP$4:$CL$35,86-AJ68,FALSE),0) -> 0 | X15: =IFERROR(VLOOKUP(Vaktplan!$A$40,Vaktplan!$BP$4:$CL$35,89-$AK68,FALSE),0) -> 0 | Y15: =IF(AND(V15=0,W15=0),0,IF(V15<W15,((W15-V15)*24)-X15,(((1-V15)+W15)*24)-X15)) -> 0 | Z15: =IF(AND(W15=0,AA15=0),24,IF(W15=0,12+(AA15*24),IF(W15<AA15,((AA15-W15)*24),IF(AA15=0,(1-W15+0.5)*24,((1-W15)+AA15)*24)))) -> 24 | AA15: =IFERROR(VLOOKUP(Vaktplan!$A$40,Vaktplan!$BQ$4:$CL$35,86-AL68,FALSE),0) -> 0 | AB15: =IFERROR(VLOOKUP(Vaktplan!$A$40,Vaktplan!$BQ$4:$CL$35,86-AK68,FALSE),0) -> 0 | AC15: =IFERROR(VLOOKUP(Vaktplan!$A$40,Vaktplan!$BQ$4:$CL$35,89-$AL68,FALSE),0) -> 0 | AD15: =IF(AND(AA15=0,AB15=0),0,IF(AA15<AB15,((AB15-AA15)*24)-AC15,(((1-AA15)+AB15)*24)-AC15)) -> 0 | AE15: =IF(AND(AB15=0,AF15=0),24,IF(AB15=0,12+(AF15*24),IF(AB15<AF15,((AF15-AB15)*24),IF(AF15=0,(1-AB15+0.5)*24,((1-AB15)+AF15)*24)))) -> 24 | AF15: =IFERROR(VLOOKUP(Vaktplan!$A$40,Vaktplan!$BR$4:$CL$35,86-AM68,FALSE),0) -> 0 | AG15: =IFERROR(VLOOKUP(Vaktplan!$A$40,Vaktplan!$BR$4:$CL$35,86-AL68,FALSE),0) -> 0 | AH15: =IFERROR(VLOOKUP(Vaktplan!$A$40,Vaktplan!$BR$4:$CL$35,89-$AM68,FALSE),0) -> 0 | AI15: =IF(AND(AF15=0,AG15=0),0,IF(AF15<AG15,((AG15-AF15)*24)-AH15,(((1-AF15)+AG15)*24)-AH15)) -> 0 | AJ15: =IF($M$1=AL37,IF(AND(AG15=0,B15=0),24,IF(AG15=0,12+($B$6*24),IF(AG15<$B$6,(($B$6-AG15)*24),IF($B$6=0,(1-AG15+1)*24,((1-AG15)+$B$6)*24)))),IF(AND(AG15=0,B16=0),24,IF(AG15=0,12+(B16*24),IF(AG15<B16,((B16-AG15)*24),IF(B16=0,(1-AG15+1)*24,((1-AG15)+B16)*24))))) -> 24 | AK15: =E15+J15+O15+T15+Y15+AD15+AI15 -> 0
A16: 11 | B16: =IFERROR(VLOOKUP(Vaktplan!$A$40,Vaktplan!$BS$4:$CL$35,87-AH69,FALSE),0) -> 0 | C16: =IFERROR(VLOOKUP(Vaktplan!$A$40,Vaktplan!$BS$4:$CL$35,87-AG69,FALSE),0) -> 0 | D16: =IFERROR(VLOOKUP(Vaktplan!$A$40,Vaktplan!$BS$4:$CL$35,89-AG69,FALSE),0) -> 0 | E16: =IF(AND(B16=0,C16=0),0,IF(B16<C16,((C16-B16)*24)-D16,(((1-B16)+C16)*24)-D16)) -> 0 | F16: =IF(AND(C16=0,G16=0),24,IF(C16=0,12+(G16*24),IF(C16<G16,((G16-C16)*24),IF(G16=0,(1-C16+0.5)*24,((1-C16)+G16)*24)))) -> 24 | G16: =IFERROR(VLOOKUP(Vaktplan!$A$40,Vaktplan!$BT$4:$CL$35,86-AH69,FALSE),0) -> 0 | H16: =IFERROR(VLOOKUP(Vaktplan!$A$40,Vaktplan!$BT$4:$CL$35,86-AG69,FALSE),0) -> 0 | I16: =IFERROR(VLOOKUP(Vaktplan!$A$40,Vaktplan!$BT$4:$CL$35,89-$AH69,FALSE),0) -> 0 | J16: =IF(AND(G16=0,H16=0),0,IF(G16<H16,((H16-G16)*24)-I16,(((1-G16)+H16)*24)-I16)) -> 0 | K16: =IF(AND(H16=0,L16=0),24,IF(H16=0,12+(L16*24),IF(H16<L16,((L16-H16)*24),IF(L16=0,(1-H16+0.5)*24,((1-H16)+L16)*24)))) -> 24 | L16: =IFERROR(VLOOKUP(Vaktplan!$A$40,Vaktplan!$BU$4:$CL$35,86-AI69,FALSE),0) -> 0 | M16: =IFERROR(VLOOKUP(Vaktplan!$A$40,Vaktplan!$BU$4:$CL$35,86-AH69,FALSE),0) -> 0 | N16: =IFERROR(VLOOKUP(Vaktplan!$A$40,Vaktplan!$BU$4:$CL$35,89-$AI69,FALSE),0) -> 0 | O16: =IF(AND(L16=0,M16=0),0,IF(L16<M16,((M16-L16)*24)-N16,(((1-L16)+M16)*24)-N16)) -> 0 | P16: =IF(AND(M16=0,Q16=0),24,IF(M16=0,12+(Q16*24),IF(M16<Q16,((Q16-M16)*24),IF(Q16=0,(1-M16+0.5)*24,((1-M16)+Q16)*24)))) -> 24 | Q16: =IFERROR(VLOOKUP(Vaktplan!$A$40,Vaktplan!$BV$4:$CL$35,86-AJ69,FALSE),0) -> 0 | R16: =IFERROR(VLOOKUP(Vaktplan!$A$40,Vaktplan!$BV$4:$CL$35,86-AI69,FALSE),0) -> 0 | S16: =IFERROR(VLOOKUP(Vaktplan!$A$40,Vaktplan!$BV$4:$CL$35,89-$AJ69,FALSE),0) -> 0 | T16: =IF(AND(Q16=0,R16=0),0,IF(Q16<R16,((R16-Q16)*24)-S16,(((1-Q16)+R16)*24)-S16)) -> 0 | U16: =IF(AND(R16=0,V16=0),24,IF(R16=0,12+(V16*24),IF(R16<V16,((V16-R16)*24),IF(V16=0,(1-R16+0.5)*24,((1-R16)+V16)*24)))) -> 24 | V16: =IFERROR(VLOOKUP(Vaktplan!$A$40,Vaktplan!$BW$4:$CL$35,86-AK69,FALSE),0) -> 0 | W16: =IFERROR(VLOOKUP(Vaktplan!$A$40,Vaktplan!$BW$4:$CL$35,86-AJ69,FALSE),0) -> 0 | X16: =IFERROR(VLOOKUP(Vaktplan!$A$40,Vaktplan!$BW$4:$CL$35,89-$AK69,FALSE),0) -> 0 | Y16: =IF(AND(V16=0,W16=0),0,IF(V16<W16,((W16-V16)*24)-X16,(((1-V16)+W16)*24)-X16)) -> 0 | Z16: =IF(AND(W16=0,AA16=0),24,IF(W16=0,12+(AA16*24),IF(W16<AA16,((AA16-W16)*24),IF(AA16=0,(1-W16+0.5)*24,((1-W16)+AA16)*24)))) -> 24 | AA16: =IFERROR(VLOOKUP(Vaktplan!$A$40,Vaktplan!$BX$4:$CL$35,86-AL69,FALSE),0) -> 0 | AB16: =IFERROR(VLOOKUP(Vaktplan!$A$40,Vaktplan!$BX$4:$CL$35,86-AK69,FALSE),0) -> 0 | AC16: =IFERROR(VLOOKUP(Vaktplan!$A$40,Vaktplan!$BX$4:$CL$35,89-$AL69,FALSE),0) -> 0 | AD16: =IF(AND(AA16=0,AB16=0),0,IF(AA16<AB16,((AB16-AA16)*24)-AC16,(((1-AA16)+AB16)*24)-AC16)) -> 0 | AE16: =IF(AND(AB16=0,AF16=0),24,IF(AB16=0,12+(AF16*24),IF(AB16<AF16,((AF16-AB16)*24),IF(AF16=0,(1-AB16+0.5)*24,((1-AB16)+AF16)*24)))) -> 24 | AF16: =IFERROR(VLOOKUP(Vaktplan!$A$40,Vaktplan!$BY$4:$CL$35,86-AM69,FALSE),0) -> 0 | AG16: =IFERROR(VLOOKUP(Vaktplan!$A$40,Vaktplan!$BY$4:$CL$35,86-AL69,FALSE),0) -> 0 | AH16: =IFERROR(VLOOKUP(Vaktplan!$A$40,Vaktplan!$BY$4:$CL$35,89-$AM69,FALSE),0) -> 0 | AI16: =IF(AND(AF16=0,AG16=0),0,IF(AF16<AG16,((AG16-AF16)*24)-AH16,(((1-AF16)+AG16)*24)-AH16)) -> 0 | AJ16: =IF($M$1=AL38,IF(AND(AG16=0,B16=0),24,IF(AG16=0,12+($B$6*24),IF(AG16<$B$6,(($B$6-AG16)*24),IF($B$6=0,(1-AG16+1)*24,((1-AG16)+$B$6)*24)))),IF(AND(AG16=0,B17=0),24,IF(AG16=0,12+(B17*24),IF(AG16<B17,((B17-AG16)*24),IF(B17=0,(1-AG16+1)*24,((1-AG16)+B17)*24))))) -> 24 | AK16: =E16+J16+O16+T16+Y16+AD16+AI16 -> 0
A17: 12 | B17: =IFERROR(VLOOKUP(Vaktplan!$A$40,Vaktplan!$BZ$4:$CL$35,87-AH70,FALSE),0) -> 0 | C17: =IFERROR(VLOOKUP(Vaktplan!$A$40,Vaktplan!$BZ$4:$CL$35,87-AG70,FALSE),0) -> 0 | D17: =IFERROR(VLOOKUP(Vaktplan!$A$40,Vaktplan!$BZ$4:$CL$35,89-AG70,FALSE),0) -> 0 | E17: =IF(AND(B17=0,C17=0),0,IF(B17<C17,((C17-B17)*24)-D17,(((1-B17)+C17)*24)-D17)) -> 0 | F17: =IF(AND(C17=0,G17=0),24,IF(C17=0,12+(G17*24),IF(C17<G17,((G17-C17)*24),IF(G17=0,(1-C17+0.5)*24,((1-C17)+G17)*24)))) -> 24 | G17: =IFERROR(VLOOKUP(Vaktplan!$A$40,Vaktplan!$CA$4:$CL$35,86-AH70,FALSE),0) -> 0 | H17: =IFERROR(VLOOKUP(Vaktplan!$A$40,Vaktplan!$CA$4:$CL$35,86-AG70,FALSE),0) -> 0 | I17: =IFERROR(VLOOKUP(Vaktplan!$A$40,Vaktplan!$CA$4:$CL$35,89-$AH70,FALSE),0) -> 0 | J17: =IF(AND(G17=0,H17=0),0,IF(G17<H17,((H17-G17)*24)-I17,(((1-G17)+H17)*24)-I17)) -> 0 | K17: =IF(AND(H17=0,L17=0),24,IF(H17=0,12+(L17*24),IF(H17<L17,((L17-H17)*24),IF(L17=0,(1-H17+0.5)*24,((1-H17)+L17)*24)))) -> 24 | L17: =IFERROR(VLOOKUP(Vaktplan!$A$40,Vaktplan!$CB$4:$CL$35,86-AI70,FALSE),0) -> 0 | M17: =IFERROR(VLOOKUP(Vaktplan!$A$40,Vaktplan!$CB$4:$CL$35,86-AH70,FALSE),0) -> 0 | N17: =IFERROR(VLOOKUP(Vaktplan!$A$40,Vaktplan!$CB$4:$CL$35,89-$AI70,FALSE),0) -> 0 | O17: =IF(AND(L17=0,M17=0),0,IF(L17<M17,((M17-L17)*24)-N17,(((1-L17)+M17)*24)-N17)) -> 0 | P17: =IF(AND(M17=0,Q17=0),24,IF(M17=0,12+(Q17*24),IF(M17<Q17,((Q17-M17)*24),IF(Q17=0,(1-M17+0.5)*24,((1-M17)+Q17)*24)))) -> 24 | Q17: =IFERROR(VLOOKUP(Vaktplan!$A$40,Vaktplan!$CC$4:$CL$35,86-AJ70,FALSE),0) -> 0 | R17: =IFERROR(VLOOKUP(Vaktplan!$A$40,Vaktplan!$CC$4:$CL$35,86-AI70,FALSE),0) -> 0 | S17: =IFERROR(VLOOKUP(Vaktplan!$A$40,Vaktplan!$CC$4:$CL$35,89-$AJ70,FALSE),0) -> 0 | T17: =IF(AND(Q17=0,R17=0),0,IF(Q17<R17,((R17-Q17)*24)-S17,(((1-Q17)+R17)*24)-S17)) -> 0 | U17: =IF(AND(R17=0,V17=0),24,IF(R17=0,12+(V17*24),IF(R17<V17,((V17-R17)*24),IF(V17=0,(1-R17+0.5)*24,((1-R17)+V17)*24)))) -> 24 | V17: =IFERROR(VLOOKUP(Vaktplan!$A$40,Vaktplan!$CD$4:$CL$35,86-AK70,FALSE),0) -> 0 | W17: =IFERROR(VLOOKUP(Vaktplan!$A$40,Vaktplan!$CD$4:$CL$35,86-AJ70,FALSE),0) -> 0 | X17: =IFERROR(VLOOKUP(Vaktplan!$A$40,Vaktplan!$CD$4:$CL$35,89-$AK70,FALSE),0) -> 0 | Y17: =IF(AND(V17=0,W17=0),0,IF(V17<W17,((W17-V17)*24)-X17,(((1-V17)+W17)*24)-X17)) -> 0 | Z17: =IF(AND(W17=0,AA17=0),24,IF(W17=0,12+(AA17*24),IF(W17<AA17,((AA17-W17)*24),IF(AA17=0,(1-W17+0.5)*24,((1-W17)+AA17)*24)))) -> 24 | AA17: =IFERROR(VLOOKUP(Vaktplan!$A$40,Vaktplan!$CE$4:$CL$35,86-AL70,FALSE),0) -> 0 | AB17: =IFERROR(VLOOKUP(Vaktplan!$A$40,Vaktplan!$CE$4:$CL$35,86-AK70,FALSE),0) -> 0 | AC17: =IFERROR(VLOOKUP(Vaktplan!$A$40,Vaktplan!$CE$4:$FCE$35,89-$AL70,FALSE),0) -> 0 | AD17: =IF(AND(AA17=0,AB17=0),0,IF(AA17<AB17,((AB17-AA17)*24)-AC17,(((1-AA17)+AB17)*24)-AC17)) -> 0 | AE17: =IF(AND(AB17=0,AF17=0),24,IF(AB17=0,12+(AF17*24),IF(AB17<AF17,((AF17-AB17)*24),IF(AF17=0,(1-AB17+0.5)*24,((1-AB17)+AF17)*24)))) -> 24 | AF17: =IFERROR(VLOOKUP(Vaktplan!$A$40,Vaktplan!$CF$4:$CL$35,86-AM70,FALSE),0) -> 0 | AG17: =IFERROR(VLOOKUP(Vaktplan!$A$40,Vaktplan!$CF$4:$CL$35,86-AL70,FALSE),0) -> 0 | AH17: =IFERROR(VLOOKUP(Vaktplan!$A$40,Vaktplan!$CF$4:$CL$35,89-$AM70,FALSE),0) -> 0 | AI17: =IF(AND(AF17=0,AG17=0),0,IF(AF17<AG17,((AG17-AF17)*24)-AH17,(((1-AF17)+AG17)*24)-AH17)) -> 0 | AJ17: =IF($M$1=AL39,IF(AND(AG17=0,B17=0),24,IF(AG17=0,12+($B$6*24),IF(AG17<$B$6,(($B$6-AG17)*24),IF($B$6=0,(1-AG17+1)*24,((1-AG17)+$B$6)*24)))),IF(AND(AG17=0,B18=0),24,IF(AG17=0,12+(B18*24),IF(AG17<B18,((B18-AG17)*24),IF(B18=0,(1-AG17+1)*24,((1-AG17)+B18)*24))))) -> 24 | AK17: =E17+J17+O17+T17+Y17+AD17+AI17 -> 0
A19: Kommentar område
A26: Test 1
A27: Er turnusen i henhold til stillingsprosent og ukes satser? | AL27: Antall uker i turnus 1-8 dropdown & Hviletid utregning
A28: Stillingsprosent | E28: =E2 -> 1 | AL28: 1
A29: Ukes sats timer | E29: =E3 -> 0 | AG29: Celler brukt for koding | AL29: 2
A30: Ukentling beregning | AL30: 3
A31: Uke 1 | B31: Uke 2 | C31: Uke 3 | D31: Uke 4 | F31: Uke 5 | G31: Uke 6 | H31: Uke 7 | J31: Uke 8 | K31: Uke 9 | L31: Uke 10 | M31: Uke 11 | N31: Uke 12 | AG31: Ukedag dropdown | AL31: 4
A32: =AK6 -> 75 | B32: =AK7 -> 0 | C32: =AK8 -> 0 | D32: =AK9 -> 0 | F32: =AK10 -> 0 | G32: =AK11 -> 0 | H32: =AK12 -> 0 | J32: =AK13 -> 0 | K32: =AK14 -> 0 | L32: =AK15 -> 0 | M32: =AK16 -> 0 | N32: =AK17 -> 0 | T32: Uke | U32: Mandag/tirsdag | V32: Tirsdag/onsdag | W32: Onsdag/torsdag | X32: Torsdag/fredag | Y32: Fredag/lørdag | Z32: Lørdag/søndag | AG32: Mandag | AI32: 42177 | AL32: 5
A33: Gjennomsnittsberegning | T33: 1 | U33: =IF(AND(B6>0,G6>0),0,IF(AND(G6>0),0,F6+K6)) -> 0 | V33: =IF(AND(G6>0,L6>0),0,IF(AND(L6>0),0,K6+P6)) -> 0 | W33: =IF(AND(L6>0,Q6>0),0,IF(AND(Q6>0),0,P6+U6)) -> 0 | X33: =IF(AND(Q6>0,V6>0),0,IF(AND(V6>0),0,U6+Z6)) -> 0 | Y33: =IF(AND(V6>0,AA6>0),0,IF(AND(AA6>0),0,Z6+AE6)) -> 0 | Z33: =IF(AND(AA6>0,AF6>0),0,IF(AND(AF6>0),0,AE6+AJ6)) -> 40 | AG33: Tirsdag | AI33: 42178 | AL33: 6
A34: Utregning | C34: =(AK6+AK7+AK8+AK9+AK10+AK11+AK12+AK13+AK14+AK15+AK16+AK17)/M1 -> 18.75 | T34: 2 | U34: =IF(AND(B7>0,G7>0),0,IF(AND(G7>0),0,F7+K7)) -> 48 | V34: =IF(AND(G7>0,L7>0),0,IF(AND(L7>0),0,K7+P7)) -> 48 | W34: =IF(AND(L7>0,Q7>0),0,IF(AND(Q7>0),0,P7+U7)) -> 48 | X34: =IF(AND(Q7>0,V7>0),0,IF(AND(V7>0),0,U7+Z7)) -> 48 | Y34: =IF(AND(V7>0,AA7>0),0,IF(AND(AA7>0),0,Z7+AE7)) -> 48 | Z34: =IF(AND(AA7>0,AF7>0),0,IF(AND(AF7>0),0,AE7+AJ7)) -> 48 | AG34: Onsdag | AI34: 42179 | AL34: 7
T35: 3 | U35: =IF(AND(B8>0,G8>0),0,IF(AND(G8>0),0,F8+K8)) -> 48 | V35: =IF(AND(G8>0,L8>0),0,IF(AND(L8>0),0,K8+P8)) -> 48 | W35: =IF(AND(L8>0,Q8>0),0,IF(AND(Q8>0),0,P8+U8)) -> 48 | X35: =IF(AND(Q8>0,V8>0),0,IF(AND(V8>0),0,U8+Z8)) -> 48 | Y35: =IF(AND(V8>0,AA8>0),0,IF(AND(AA8>0),0,Z8+AE8)) -> 48 | Z35: =IF(AND(AA8>0,AF8>0),0,IF(AND(AF8>0),0,AE8+AJ8)) -> 48 | AG35: Torsdag | AI35: 42180 | AL35: 8
A36: Faktisk arbeidsprosent over 8 uker | T36: 4 | U36: =IF(AND(B9>0,G9>0),0,IF(AND(G9>0),0,F9+K9)) -> 48 | V36: =IF(AND(G9>0,L9>0),0,IF(AND(L9>0),0,K9+P9)) -> 48 | W36: =IF(AND(L9>0,Q9>0),0,IF(AND(Q9>0),0,P9+U9)) -> 48 | X36: =IF(AND(Q9>0,V9>0),0,IF(AND(V9>0),0,U9+Z9)) -> 48 | Y36: =IF(AND(V9>0,AA9>0),0,IF(AND(AA9>0),0,Z9+AE9)) -> 48 | Z36: =IF(AND(AA9>0,AF9>0),0,IF(AND(AF9>0),0,AE9+AJ9)) -> 48 | AG36: Fredag | AI36: 42181 | AL36: 9
A37: =C34/E3 -> #DIV/0! | T37: 5 | U37: =IF(AND(B10>0,G10>0),0,IF(AND(G10>0),0,F10+K10)) -> 48 | V37: =IF(AND(G10>0,L10>0),0,IF(AND(L10>0),0,K10+P10)) -> 48 | W37: =IF(AND(L10>0,Q10>0),0,IF(AND(Q10>0),0,P10+U10)) -> 48 | X37: =IF(AND(Q10>0,V10>0),0,IF(AND(V10>0),0,U10+Z10)) -> 48 | Y37: =IF(AND(V10>0,AA10>0),0,IF(AND(AA10>0),0,Z10+AE10)) -> 48 | Z37: =IF(AND(AA10>0,AF10>0),0,IF(AND(AF10>0),0,AE10+AJ10)) -> 48 | AG37: Lørdag | AI37: 42182 | AL37: 10
T38: 6 | U38: =IF(AND(B11>0,G11>0),0,IF(AND(G11>0),0,F11+K11)) -> 48 | V38: =IF(AND(G11>0,L11>0),0,IF(AND(L11>0),0,K11+P11)) -> 48 | W38: =IF(AND(L11>0,Q11>0),0,IF(AND(Q11>0),0,P11+U11)) -> 48 | X38: =IF(AND(Q11>0,V11>0),0,IF(AND(V11>0),0,U11+Z11)) -> 48 | Y38: =IF(AND(V11>0,AA11>0),0,IF(AND(AA11>0),0,Z11+AE11)) -> 48 | Z38: =IF(AND(AA11>0,AF11>0),0,IF(AND(AF11>0),0,AE11+AJ11)) -> 48 | AG38: Søndag | AI38: 42183 | AL38: 11
T39: 7 | U39: =IF(AND(B12>0,G12>0),0,IF(AND(G12>0),0,F12+K12)) -> 48 | V39: =IF(AND(G12>0,L12>0),0,IF(AND(L12>0),0,K12+P12)) -> 48 | W39: =IF(AND(L12>0,Q12>0),0,IF(AND(Q12>0),0,P12+U12)) -> 48 | X39: =IF(AND(Q12>0,V12>0),0,IF(AND(V12>0),0,U12+Z12)) -> 48 | Y39: =IF(AND(V12>0,AA12>0),0,IF(AND(AA12>0),0,Z12+AE12)) -> 48 | Z39: =IF(AND(AA12>0,AF12>0),0,IF(AND(AF12>0),0,AE12+AJ12)) -> 48 | AG39: =IF(E1=AG32,AI32,IF(E1=AG33,AI33,IF(E1=AG34,AI34,IF(E1=AG35,AI35,IF(E1=AG36,AI36,IF(E1=AG37,AI37,IF(E1=AG38,AI38,AI32))))))) -> 42177 | AL39: 12
A40: § 10-8. Daglig og ukentlig arbeidsfri | T40: 8 | U40: =IF(AND(B13>0,G13>0),0,IF(AND(G13>0),0,F13+K13)) -> 48 | V40: =IF(AND(G13>0,L13>0),0,IF(AND(L13>0),0,K13+P13)) -> 48 | W40: =IF(AND(L13>0,Q13>0),0,IF(AND(Q13>0),0,P13+U13)) -> 48 | X40: =IF(AND(Q13>0,V13>0),0,IF(AND(V13>0),0,U13+Z13)) -> 48 | Y40: =IF(AND(V13>0,AA13>0),0,IF(AND(AA13>0),0,Z13+AE13)) -> 48 | Z40: =IF(AND(AA13>0,AF13>0),0,IF(AND(AF13>0),0,AE13+AJ13)) -> 48
A41: Standard: sammenhengende 11t ila 24t og sammenhengende 35t ila 7 dager. | W41: =IF(AND(L14>0,Q14>0),0,IF(AND(Q14>0),0,P14+U14)) -> 48 | X41: =IF(AND(Q14>0,V14>0),0,IF(AND(V14>0),0,U14+Z14)) -> 48 | Y41: =IF(AND(V14>0,AA14>0),0,IF(AND(AA14>0),0,Z14+AE14)) -> 48 | Z41: =IF(AND(AA14>0,AF14>0),0,IF(AND(AF14>0),0,AE14+AJ14)) -> 48
A42: Avtale: Minst sammenhenge 8t ila 24t og sammenhenge 28t ila 7 dager. | O42: 0.29166667 | P42: 0.33333333 | Q42: =(P42-O42)*24 -> 1 | W42: =IF(AND(L15>0,Q15>0),0,IF(AND(Q15>0),0,P15+U15)) -> 48 | X42: =IF(AND(Q15>0,V15>0),0,IF(AND(V15>0),0,U15+Z15)) -> 48 | Y42: =IF(AND(V15>0,AA15>0),0,IF(AND(AA15>0),0,Z15+AE15)) -> 48 | Z42: =IF(AND(AA15>0,AF15>0),0,IF(AND(AF15>0),0,AE15+AJ15)) -> 48 | AG42: Uke sats timer dropdown | AL42: Ja/nei
W43: =IF(AND(L16>0,Q16>0),0,IF(AND(Q16>0),0,P16+U16)) -> 48 | X43: =IF(AND(Q16>0,V16>0),0,IF(AND(V16>0),0,U16+Z16)) -> 48 | Y43: =IF(AND(V16>0,AA16>0),0,IF(AND(AA16>0),0,Z16+AE16)) -> 48 | Z43: =IF(AND(AA16>0,AF16>0),0,IF(AND(AF16>0),0,AE16+AJ16)) -> 48 | AG43: 33.6 | AL43: Ja
A44: Daglig arbeidsfri | W44: =IF(AND(L17>0,Q17>0),0,IF(AND(Q17>0),0,P17+U17)) -> 48 | X44: =IF(AND(Q17>0,V17>0),0,IF(AND(V17>0),0,U17+Z17)) -> 48 | Y44: =IF(AND(V17>0,AA17>0),0,IF(AND(AA17>0),0,Z17+AE17)) -> 48 | Z44: =IF(AND(AA17>0,AF17>0),0,IF(AND(AF17>0),0,AE17+AJ17)) -> 48 | AG44: 35.5 | AL44: Nei
A45: 11 | B45: =COUNTIF($F$6:$F$13,"<" & A45)+COUNTIF($K$6:$K$13,"<" & A45)+COUNTIF($P$6:$P$13,"<" & A45)+COUNTIF($U$6:$U$13,"<" & A45)+COUNTIF($Z$6:$Z$13,"<" & A45)+COUNTIF($AE$6:$AE$13,"<" & A45)+COUNTIF($AJ$6:$AJ$13,"<" & A45) -> 0 | AG45: 37.5
A49: § 10-4. Alminnelig Arbeidstid | AB49: Notes
A50: Er turnus i henhold til Lov om arbeidstid §10-4? | AB50: Man kan ikke lage avtaler som er dårligere eller bryter tariff. Eller avtale vekk bestemmelser i tariff.
A51: Kommentarer fra designer
A52: Arbeidsgiver bestemmer hvilken time han ønsker å telle de 24 timene. Typisk er 00:00 | AB52: Lag hviletid test, eksempel 11t hviletid, utregning er 24t minus arbeidstimer den dagen
A53: Arbeidsgiver bestemmer hvilken dag han ønsker å telle de 7 dagene fra. Typisk er Mandag
A54: Testingen av §10-4 vil ikke fungere optimalt med Ledd (6) grunnet at timetellingen ikke er hele timer. Men maks timer er fortsatt 9t/24t og 38t/7dager
A56: § 10-5. Gjennomsnittsberegning av den alminnelige arbeidstid
A57: Er turnus i henhold til Lov om arbeidstid § 10-5?
A58: Kommentarer fra designer | AG58: Vlookup table Start
A59: Arbeidsgiver bestemmer hvilken time han ønsker å telle de 24 timene. Typisk er 00:00 | AG59: 0 | AH59: 1 | AI59: 2 | AJ59: 3 | AK59: 4 | AL59: 5 | AM59: 6
A60: Arbeidsgiver bestemmer hvilken dag han ønsker å telle de 7 dagene fra. Typisk er Mandag | AG60: 7 | AH60: 8 | AI60: 9 | AJ60: 10 | AK60: 11 | AL60: 12 | AM60: 13
AG61: 14 | AH61: 15 | AI61: 16 | AJ61: 17 | AK61: 18 | AL61: 19 | AM61: 20
A62: Utregninger | AG62: 21 | AH62: 22 | AI62: 23 | AJ62: 24 | AK62: 25 | AL62: 26 | AM62: 27
A63: For å regne korrekt, fyll inn i de grønne feltene de faktiske forholdene på turnusen du ønsker å teste. | AG63: 28 | AH63: 29 | AI63: 30 | AJ63: 31 | AK63: 32 | AL63: 33 | AM63: 34
A64: Default settinger er 9t og 40t respektivt under. Men dette må økes hvis punkt (2) er gjeldene. | AG64: 35 | AH64: 36 | AI64: 37 | AJ64: 38 | AK64: 39 | AL64: 40 | AM64: 41
AG65: 42 | AH65: 43 | AI65: 44 | AJ65: 45 | AK65: 46 | AL65: 47 | AM65: 48
A66: Timer tillatt i løpet av 24t | AG66: 49 | AH66: 50 | AI66: 51 | AJ66: 52 | AK66: 53 | AL66: 54 | AM66: 55
A67: 12 | B67: =COUNTIF($E$6:$E$13,">" & A67)+COUNTIF($J$6:$J$13,">" & A67)+COUNTIF($O$6:$O$13,">" & A67)+COUNTIF($T$6:$T$13,">" & A67)+COUNTIF($Y$6:$Y$13,">" & A67)+COUNTIF($AD$6:$AD$13,">" & A67)+COUNTIF($AI$6:$AI$13,">" & A67) -> 6 | C67: dager bryter | E67: Aktiver visning? | H67: ja | L67: Skriv JA for å vise hvilke punkter i turnusen som bryter med regel | AG67: 56 | AH67: 57 | AI67: 58 | AJ67: 59 | AK67: 60 | AL67: 61 | AM67: 62
AG68: 63 | AH68: 64 | AI68: 65 | AJ68: 66 | AK68: 67 | AL68: 68 | AM68: 69
A69: Timer tillatt iløpet av 7 dager | AG69: 70 | AH69: 71 | AI69: 72 | AJ69: 73 | AK69: 74 | AL69: 75 | AM69: 76
A70: 37.5 | B70: =COUNTIF($AK$6:$AK$13,">" & A70) -> 1 | C70: bryter | E70: Aktiver visning`? | H70: ja | AG70: 77 | AH70: 78 | AI70: 79 | AJ70: 80 | AK70: 81 | AL70: 82 | AM70: 83
AG71: 84 | AH71: 85 | AI71: 86 | AJ71: 87 | AK71: 88 | AL71: 89 | AM71: 90

Sheet Ansatt B
A1: Turnus start dag | E1: =Vaktplan!G38 -> mandag | H1: Antall uker i turnus 1-8 | M1: =Vaktplan!AJ41 -> 4
A2: Stillingsprosent | E2: =Vaktplan!AM41 -> 1
A3: Uke sats timer | E3: =Vaktplan!AQ41 -> 0 | F3: t/uke
A4: Uke | B4: =TEXT(AG39,"DDDD") -> Monday | G4: =TEXT($AG$39+1,"DDDD") -> Tuesday | L4: =TEXT($AG$39+2,"DDDD") -> Wednesday | Q4: =TEXT($AG$39+3,"DDDD") -> Thursday | V4: =TEXT($AG$39+4,"DDDD") -> Friday | AA4: =TEXT($AG$39+5,"DDDD") -> Saturday | AF4: =TEXT($AG$39+6,"DDDD") -> Sunday | AK4: Total ant. Timer
B5: Start | C5: slutt | D5: P | E5: Ant. Timer | F5: Hviletid | G5: Start | H5: slutt | I5: P | J5: Ant. Timer | K5: Hviletid | L5: Start | M5: slutt | N5: P | O5: Ant. Timer | P5: Hviletid | Q5: Start | R5: slutt | S5: P | T5: Ant. Timer | U5: Hviletid | V5: Start | W5: slutt | X5: P | Y5: Ant. Timer | Z5: Hviletid | AA5: Start | AB5: slutt | AC5: P | AD5: Ant. Timer | AE5: Hviletid | AF5: Start | AG5: slutt | AH5: P | AI5: Ant. Timer | AJ5: Hviletid
A6: =IF(M1>=1,1,0) -> 1 | B6: =IFERROR(VLOOKUP(Vaktplan!$A$41,Vaktplan!$A$4:$CL$35,87-AH59,FALSE),0) -> 0.29166667 | C6: =IFERROR(VLOOKUP(Vaktplan!$A$41,Vaktplan!$A$4:$CL$35,87-AG59,FALSE),0) -> 0.625 | D6: =IFERROR(VLOOKUP(Vaktplan!$A$41,Vaktplan!$A$4:$CL$35,89-AG59,FALSE),0) -> 0 | E6: =IF(AND(B6=0,C6=0),0,IF(B6<C6,((C6-B6)*24)-D6,(((1-B6)+C6)*24)-D6)) -> 8 | F6: =IF(AND(C6=0,G6=0),24,IF(C6=0,12+(G6*24),IF(C6<G6,((G6-C6)*24),IF(G6=0,(1-C6+0.5)*24,((1-C6)+G6)*24)))) -> 16 | G6: =IFERROR(VLOOKUP(Vaktplan!$A$41,Vaktplan!$B$4:$CL$35,86-AH59,FALSE),0) -> 0.29166667 | H6: =IFERROR(VLOOKUP(Vaktplan!$A$41,Vaktplan!$B$4:$CL$35,86-AG59,FALSE),0) -> 0.625 | I6: =IFERROR(VLOOKUP(Vaktplan!$A$41,Vaktplan!$B$4:$CL$35,89-$AH59,FALSE),0) -> 0 | J6: =IF(AND(G6=0,H6=0),0,IF(G6<H6,((H6-G6)*24)-I6,(((1-G6)+H6)*24)-I6)) -> 8 | K6: =IF(AND(H6=0,L6=0),24,IF(H6=0,12+(L6*24),IF(H6<L6,((L6-H6)*24),IF(L6=0,(1-H6+0.5)*24,((1-H6)+L6)*24)))) -> 16 | L6: =IFERROR(VLOOKUP(Vaktplan!$A$41,Vaktplan!$C$4:$CL$35,86-AI59,FALSE),0) -> 0.29166667 | M6: =IFERROR(VLOOKUP(Vaktplan!$A$41,Vaktplan!$C$4:$CL$35,86-AH59,FALSE),0) -> 0.625 | N6: =IFERROR(VLOOKUP(Vaktplan!$A$41,Vaktplan!$C$4:$CL$35,89-$AI59,FALSE),0) -> 0 | O6: =IF(AND(L6=0,M6=0),0,IF(L6<M6,((M6-L6)*24)-N6,(((1-L6)+M6)*24)-N6)) -> 8 | P6: =IF(AND(M6=0,Q6=0),24,IF(M6=0,12+(Q6*24),IF(M6<Q6,((Q6-M6)*24),IF(Q6=0,(1-M6+0.5)*24,((1-M6)+Q6)*24)))) -> 16 | Q6: =IFERROR(VLOOKUP(Vaktplan!$A$41,Vaktplan!$D$4:$CL$35,86-AJ59,FALSE),0) -> 0.29166667 | R6: =IFERROR(VLOOKUP(Vaktplan!$A$41,Vaktplan!$D$4:$CL$35,86-AI59,FALSE),0) -> 0.625 | S6: =IFERROR(VLOOKUP(Vaktplan!$A$41,Vaktplan!$D$4:$CL$35,89-$AJ59,FALSE),0) -> 0 | T6: =IF(AND(Q6=0,R6=0),0,IF(Q6<R6,((R6-Q6)*24)-S6,(((1-Q6)+R6)*24)-S6)) -> 8 | U6: =IF(AND(R6=0,V6=0),24,IF(R6=0,12+(V6*24),IF(R6<V6,((V6-R6)*24),IF(V6=0,(1-R6+0.5)*24,((1-R6)+V6)*24)))) -> 16 | V6: =IFERROR(VLOOKUP(Vaktplan!$A$41,Vaktplan!$E$4:$CL$35,86-AK59,FALSE),0) -> 0.29166667 | W6: =IFERROR(VLOOKUP(Vaktplan!$A$41,Vaktplan!$E$4:$CL$35,86-AJ59,FALSE),0) -> 0.625 | X6: =IFERROR(VLOOKUP(Vaktplan!$A$41,Vaktplan!$E$4:$CL$35,89-$AK59,FALSE),0) -> 0 | Y6: =IF(AND(V6=0,W6=0),0,IF(V6<W6,((W6-V6)*24)-X6,(((1-V6)+W6)*24)-X6)) -> 8 | Z6: =IF(AND(W6=0,AA6=0),24,IF(W6=0,12+(AA6*24),IF(W6<AA6,((AA6-W6)*24),IF(AA6=0,(1-W6+0.5)*24,((1-W6)+AA6)*24)))) -> 16 | AA6: =IFERROR(VLOOKUP(Vaktplan!$A$41,Vaktplan!$F$4:$CL$35,86-AL59,FALSE),0) -> 0.29166667 | AB6: =IFERROR(VLOOKUP(Vaktplan!$A$41,Vaktplan!$F$4:$CL$35,86-AK59,FALSE),0) -> 0.625 | AC6: =IFERROR(VLOOKUP(Vaktplan!$A$41,Vaktplan!$F$4:$CL$35,89-$AL59,FALSE),0) -> 0 | AD6: =IF(AND(AA6=0,AB6=0),0,IF(AA6<AB6,((AB6-AA6)*24)-AC6,(((1-AA6)+AB6)*24)-AC6)) -> 8 | AE6: =IF(AND(AB6=0,AF6=0),24,IF(AB6=0,12+(AF6*24),IF(AB6<AF6,((AF6-AB6)*24),IF(AF6=0,(1-AB6+0.5)*24,((1-AB6)+AF6)*24)))) -> 21 | AF6: =IFERROR(VLOOKUP(Vaktplan!$A$41,Vaktplan!$G$4:$CL$35,86-AM59,FALSE),0) -> 0 | AG6: =IFERROR(VLOOKUP(Vaktplan!$A$41,Vaktplan!$G$4:$CL$35,86-AL59,FALSE),0) -> 0 | AH6: =IFERROR(VLOOKUP(Vaktplan!$A$41,Vaktplan!$G$4:$CL$35,89-$AM59,FALSE),0) -> 0 | AI6: =IF(AND(AF6=0,AG6=0),0,IF(AF6<AG6,((AG6-AF6)*24)-AH6,(((1-AF6)+AG6)*24)-AH6)) -> 0 | AJ6: =IF($M$1=AL28,IF(AND(AG6=0,B6=0),24,IF(AG6=0,12+($B$6*24),IF(AG6<$B$6,(($B$6-AG6)*24),IF($B$6=0,(1-AG6+1)*24,((1-AG6)+$B$6)*24)))),IF(AND(AG6=0,B7=0),24,IF(AG6=0,12+(B7*24),IF(AG6<B7,((B7-AG6)*24),IF(B7=0,(1-AG6+1)*24,((1-AG6)+B7)*24))))) -> 24 | AK6: =E6+J6+O6+T6+Y6+AD6+AI6 -> 48 | AL6: =AJ6 -> 24 | AM6: =AK6 -> 48
A7: =IF($M$1>=2,2,0) -> 2 | B7: =IFERROR(VLOOKUP(Vaktplan!$A$41,Vaktplan!$H$4:$CL$35,87-AH60,FALSE),0) -> 0 | C7: =IFERROR(VLOOKUP(Vaktplan!$A$41,Vaktplan!$H$4:$CL$35,87-AG60,FALSE),0) -> 0 | D7: =IFERROR(VLOOKUP(Vaktplan!$A$41,Vaktplan!$H$4:$CL$35,89-AG60,FALSE),0) -> 0 | E7: =IF(AND(B7=0,C7=0),0,IF(B7<C7,((C7-B7)*24)-D7,(((1-B7)+C7)*24)-D7)) -> 0 | F7: =IF(AND(C7=0,G7=0),24,IF(C7=0,12+(G7*24),IF(C7<G7,((G7-C7)*24),IF(G7=0,(1-C7+0.5)*24,((1-C7)+G7)*24)))) -> 24 | G7: =IFERROR(VLOOKUP(Vaktplan!$A$41,Vaktplan!$I$4:$CL$35,86-AH60,FALSE),0) -> 0 | H7: =IFERROR(VLOOKUP(Vaktplan!$A$41,Vaktplan!$I$4:$CL$35,86-AG60,FALSE),0) -> 0 | I7: =IFERROR(VLOOKUP(Vaktplan!$A$41,Vaktplan!$I$4:$CL$35,89-$AH60,FALSE),0) -> 0 | J7: =IF(AND(G7=0,H7=0),0,IF(G7<H7,((H7-G7)*24)-I7,(((1-G7)+H7)*24)-I7)) -> 0 | K7: =IF(AND(H7=0,L7=0),24,IF(H7=0,12+(L7*24),IF(H7<L7,((L7-H7)*24),IF(L7=0,(1-H7+0.5)*24,((1-H7)+L7)*24)))) -> 24 | L7: =IFERROR(VLOOKUP(Vaktplan!$A$41,Vaktplan!$J$4:$CL$35,86-AI60,FALSE),0) -> 0 | M7: =IFERROR(VLOOKUP(Vaktplan!$A$41,Vaktplan!$J$4:$CL$35,86-AH60,FALSE),0) -> 0 | N7: =IFERROR(VLOOKUP(Vaktplan!$A$41,Vaktplan!$J$4:$CL$35,89-$AI60,FALSE),0) -> 0 | O7: =IF(AND(L7=0,M7=0),0,IF(L7<M7,((M7-L7)*24)-N7,(((1-L7)+M7)*24)-N7)) -> 0 | P7: =IF(AND(M7=0,Q7=0),24,IF(M7=0,12+(Q7*24),IF(M7<Q7,((Q7-M7)*24),IF(Q7=0,(1-M7+0.5)*24,((1-M7)+Q7)*24)))) -> 24 | Q7: =IFERROR(VLOOKUP(Vaktplan!$A$41,Vaktplan!$K$4:$CL$35,86-AJ60,FALSE),0) -> 0 | R7: =IFERROR(VLOOKUP(Vaktplan!$A$41,Vaktplan!$K$4:$CL$35,86-AI60,FALSE),0) -> 0 | S7: =IFERROR(VLOOKUP(Vaktplan!$A$41,Vaktplan!$K$4:$CL$35,89-$AJ60,FALSE),0) -> 0 | T7: =IF(AND(Q7=0,R7=0),0,IF(Q7<R7,((R7-Q7)*24)-S7,(((1-Q7)+R7)*24)-S7)) -> 0 | U7: =IF(AND(R7=0,V7=0),24,IF(R7=0,12+(V7*24),IF(R7<V7,((V7-R7)*24),IF(V7=0,(1-R7+0.5)*24,((1-R7)+V7)*24)))) -> 24 | V7: =IFERROR(VLOOKUP(Vaktplan!$A$41,Vaktplan!$L$4:$CL$35,86-AK60,FALSE),0) -> 0 | W7: =IFERROR(VLOOKUP(Vaktplan!$A$41,Vaktplan!$L$4:$CL$35,86-AJ60,FALSE),0) -> 0 | X7: =IFERROR(VLOOKUP(Vaktplan!$A$41,Vaktplan!$L$4:$CL$35,89-$AK60,FALSE),0) -> 0 | Y7: =IF(AND(V7=0,W7=0),0,IF(V7<W7,((W7-V7)*24)-X7,(((1-V7)+W7)*24)-X7)) -> 0 | Z7: =IF(AND(W7=0,AA7=0),24,IF(W7=0,12+(AA7*24),IF(W7<AA7,((AA7-W7)*24),IF(AA7=0,(1-W7+0.5)*24,((1-W7)+AA7)*24)))) -> 24 | AA7: =IFERROR(VLOOKUP(Vaktplan!$A$41,Vaktplan!$M$4:$CL$35,86-AL60,FALSE),0) -> 0 | AB7: =IFERROR(VLOOKUP(Vaktplan!$A$41,Vaktplan!$M$4:$CL$35,86-AK60,FALSE),0) -> 0 | AC7: =IFERROR(VLOOKUP(Vaktplan!$A$41,Vaktplan!$M$4:$CL$35,89-$AL60,FALSE),0) -> 0 | AD7: =IF(AND(AA7=0,AB7=0),0,IF(AA7<AB7,((AB7-AA7)*24)-AC7,(((1-AA7)+AB7)*24)-AC7)) -> 0 | AE7: =IF(AND(AB7=0,AF7=0),24,IF(AB7=0,12+(AF7*24),IF(AB7<AF7,((AF7-AB7)*24),IF(AF7=0,(1-AB7+0.5)*24,((1-AB7)+AF7)*24)))) -> 24 | AF7: =IFERROR(VLOOKUP(Vaktplan!$A$41,Vaktplan!$N$4:$CL$35,86-AM60,FALSE),0) -> 0 | AG7: =IFERROR(VLOOKUP(Vaktplan!$A$41,Vaktplan!$N$4:$CL$35,86-AL60,FALSE),0) -> 0 | AH7: =IFERROR(VLOOKUP(Vaktplan!$A$41,Vaktplan!$N$4:$CL$35,89-$AM60,FALSE),0) -> 0 | AI7: =IF(AND(AF7=0,AG7=0),0,IF(AF7<AG7,((AG7-AF7)*24)-AH7,(((1-AF7)+AG7)*24)-AH7)) -> 0 | AJ7: =IF($M$1=AL29,IF(AND(AG7=0,B7=0),24,IF(AG7=0,12+($B$6*24),IF(AG7<$B$6,(($B$6-AG7)*24),IF($B$6=0,(1-AG7+1)*24,((1-AG7)+$B$6)*24)))),IF(AND(AG7=0,B8=0),24,IF(AG7=0,12+(B8*24),IF(AG7<B8,((B8-AG7)*24),IF(B8=0,(1-AG7+1)*24,((1-AG7)+B8)*24))))) -> 24 | AK7: =E7+J7+O7+T7+Y7+AD7+AI7 -> 0 | AL7: =AJ7 -> 24 | AM7: =AK7 -> 0
A8: =IF($M$1>=3,3,0) -> 3 | B8: =IFERROR(VLOOKUP(Vaktplan!$A$41,Vaktplan!$O$4:$CL$35,87-AH61,FALSE),0) -> 0 | C8: =IFERROR(VLOOKUP(Vaktplan!$A$41,Vaktplan!$O$4:$CL$35,87-AG61,FALSE),0) -> 0 | D8: =IFERROR(VLOOKUP(Vaktplan!$A$41,Vaktplan!$O$4:$CL$35,89-AG61,FALSE),0) -> 0 | E8: =IF(AND(B8=0,C8=0),0,IF(B8<C8,((C8-B8)*24)-D8,(((1-B8)+C8)*24)-D8)) -> 0 | F8: =IF(AND(C8=0,G8=0),24,IF(C8=0,12+(G8*24),IF(C8<G8,((G8-C8)*24),IF(G8=0,(1-C8+0.5)*24,((1-C8)+G8)*24)))) -> 24 | G8: =IFERROR(VLOOKUP(Vaktplan!$A$41,Vaktplan!$P$4:$CL$35,86-AH61,FALSE),0) -> 0 | H8: =IFERROR(VLOOKUP(Vaktplan!$A$41,Vaktplan!$P$4:$CL$35,86-AG61,FALSE),0) -> 0 | I8: =IFERROR(VLOOKUP(Vaktplan!$A$41,Vaktplan!$P$4:$CL$35,89-$AH61,FALSE),0) -> 0 | J8: =IF(AND(G8=0,H8=0),0,IF(G8<H8,((H8-G8)*24)-I8,(((1-G8)+H8)*24)-I8)) -> 0 | K8: =IF(AND(H8=0,L8=0),24,IF(H8=0,12+(L8*24),IF(H8<L8,((L8-H8)*24),IF(L8=0,(1-H8+0.5)*24,((1-H8)+L8)*24)))) -> 24 | L8: =IFERROR(VLOOKUP(Vaktplan!$A$41,Vaktplan!$Q$4:$CL$35,86-AI61,FALSE),0) -> 0 | M8: =IFERROR(VLOOKUP(Vaktplan!$A$41,Vaktplan!$Q$4:$CL$35,86-AH61,FALSE),0) -> 0 | N8: =IFERROR(VLOOKUP(Vaktplan!$A$41,Vaktplan!$Q$4:$CL$35,89-$AI61,FALSE),0) -> 0 | O8: =IF(AND(L8=0,M8=0),0,IF(L8<M8,((M8-L8)*24)-N8,(((1-L8)+M8)*24)-N8)) -> 0 | P8: =IF(AND(M8=0,Q8=0),24,IF(M8=0,12+(Q8*24),IF(M8<Q8,((Q8-M8)*24),IF(Q8=0,(1-M8+0.5)*24,((1-M8)+Q8)*24)))) -> 24 | Q8: =IFERROR(VLOOKUP(Vaktplan!$A$41,Vaktplan!$R$4:$CL$35,86-AJ61,FALSE),0) -> 0 | R8: =IFERROR(VLOOKUP(Vaktplan!$A$41,Vaktplan!$R$4:$CL$35,86-AI61,FALSE),0) -> 0 | S8: =IFERROR(VLOOKUP(Vaktplan!$A$41,Vaktplan!$R$4:$CL$35,89-$AJ61,FALSE),0) -> 0 | T8: =IF(AND(Q8=0,R8=0),0,IF(Q8<R8,((R8-Q8)*24)-S8,(((1-Q8)+R8)*24)-S8)) -> 0 | U8: =IF(AND(R8=0,V8=0),24,IF(R8=0,12+(V8*24),IF(R8<V8,((V8-R8)*24),IF(V8=0,(1-R8+0.5)*24,((1-R8)+V8)*24)))) -> 24 | V8: =IFERROR(VLOOKUP(Vaktplan!$A$41,Vaktplan!$S$4:$CL$35,86-AK61,FALSE),0) -> 0 | W8: =IFERROR(VLOOKUP(Vaktplan!$A$41,Vaktplan!$S$4:$CL$35,86-AJ61,FALSE),0) -> 0 | X8: =IFERROR(VLOOKUP(Vaktplan!$A$41,Vaktplan!$S$4:$CL$35,89-$AK61,FALSE),0) -> 0 | Y8: =IF(AND(V8=0,W8=0),0,IF(V8<W8,((W8-V8)*24)-X8,(((1-V8)+W8)*24)-X8)) -> 0 | Z8: =IF(AND(W8=0,AA8=0),24,IF(W8=0,12+(AA8*24),IF(W8<AA8,((AA8-W8)*24),IF(AA8=0,(1-W8+0.5)*24,((1-W8)+AA8)*24)))) -> 24 | AA8: =IFERROR(VLOOKUP(Vaktplan!$A$41,Vaktplan!$T$4:$CL$35,86-AL61,FALSE),0) -> 0 | AB8: =IFERROR(VLOOKUP(Vaktplan!$A$41,Vaktplan!$T$4:$CL$35,86-AK61,FALSE),0) -> 0 | AC8: =IFERROR(VLOOKUP(Vaktplan!$A$41,Vaktplan!$T$4:$CL$35,89-$AL61,FALSE),0) -> 0 | AD8: =IF(AND(AA8=0,AB8=0),0,IF(AA8<AB8,((AB8-AA8)*24)-AC8,(((1-AA8)+AB8)*24)-AC8)) -> 0 | AE8: =IF(AND(AB8=0,AF8=0),24,IF(AB8=0,12+(AF8*24),IF(AB8<AF8,((AF8-AB8)*24),IF(AF8=0,(1-AB8+0.5)*24,((1-AB8)+AF8)*24)))) -> 24 | AF8: =IFERROR(VLOOKUP(Vaktplan!$A$41,Vaktplan!$U$4:$CL$35,86-AM61,FALSE),0) -> 0 | AG8: =IFERROR(VLOOKUP(Vaktplan!$A$41,Vaktplan!$U$4:$CL$35,86-AL61,FALSE),0) -> 0 | AH8: =IFERROR(VLOOKUP(Vaktplan!$A$41,Vaktplan!$U$4:$CL$35,89-$AM61,FALSE),0) -> 0 | AI8: =IF(AND(AF8=0,AG8=0),0,IF(AF8<AG8,((AG8-AF8)*24)-AH8,(((1-AF8)+AG8)*24)-AH8)) -> 0 | AJ8: =IF($M$1=AL30,IF(AND(AG8=0,B8=0),24,IF(AG8=0,12+($B$6*24),IF(AG8<$B$6,(($B$6-AG8)*24),IF($B$6=0,(1-AG8+1)*24,((1-AG8)+$B$6)*24)))),IF(AND(AG8=0,B9=0),24,IF(AG8=0,12+(B9*24),IF(AG8<B9,((B9-AG8)*24),IF(B9=0,(1-AG8+1)*24,((1-AG8)+B9)*24))))) -> 24 | AK8: =E8+J8+O8+T8+Y8+AD8+AI8 -> 0 | AL8: =AJ8 -> 24 | AM8: =AK8 -> 0
A9: =IF($M$1>=4,4,0) -> 4 | B9: =IFERROR(VLOOKUP(Vaktplan!$A$41,Vaktplan!$V$4:$CL$35,87-AH62,FALSE),0) -> 0 | C9: =IFERROR(VLOOKUP(Vaktplan!$A$41,Vaktplan!$V$4:$CL$35,87-AG62,FALSE),0) -> 0 | D9: =IFERROR(VLOOKUP(Vaktplan!$A$41,Vaktplan!$V$4:$CL$35,89-AG62,FALSE),0) -> 0 | E9: =IF(AND(B9=0,C9=0),0,IF(B9<C9,((C9-B9)*24)-D9,(((1-B9)+C9)*24)-D9)) -> 0 | F9: =IF(AND(C9=0,G9=0),24,IF(C9=0,12+(G9*24),IF(C9<G9,((G9-C9)*24),IF(G9=0,(1-C9+0.5)*24,((1-C9)+G9)*24)))) -> 24 | G9: =IFERROR(VLOOKUP(Vaktplan!$A$41,Vaktplan!$W$4:$CL$35,86-AH62,FALSE),0) -> 0 | H9: =IFERROR(VLOOKUP(Vaktplan!$A$41,Vaktplan!$W$4:$CL$35,86-AG62,FALSE),0) -> 0 | I9: =IFERROR(VLOOKUP(Vaktplan!$A$41,Vaktplan!$W$4:$CL$35,89-$AH62,FALSE),0) -> 0 | J9: =IF(AND(G9=0,H9=0),0,IF(G9<H9,((H9-G9)*24)-I9,(((1-G9)+H9)*24)-I9)) -> 0 | K9: =IF(AND(H9=0,L9=0),24,IF(H9=0,12+(L9*24),IF(H9<L9,((L9-H9)*24),IF(L9=0,(1-H9+0.5)*24,((1-H9)+L9)*24)))) -> 24 | L9: =IFERROR(VLOOKUP(Vaktplan!$A$41,Vaktplan!$X$4:$CL$35,86-AI62,FALSE),0) -> 0 | M9: =IFERROR(VLOOKUP(Vaktplan!$A$41,Vaktplan!$X$4:$CL$35,86-AH62,FALSE),0) -> 0 | N9: =IFERROR(VLOOKUP(Vaktplan!$A$41,Vaktplan!$X$4:$CL$35,89-$AI62,FALSE),0) -> 0 | O9: =IF(AND(L9=0,M9=0),0,IF(L9<M9,((M9-L9)*24)-N9,(((1-L9)+M9)*24)-N9)) -> 0 | P9: =IF(AND(M9=0,Q9=0),24,IF(M9=0,12+(Q9*24),IF(M9<Q9,((Q9-M9)*24),IF(Q9=0,(1-M9+0.5)*24,((1-M9)+Q9)*24)))) -> 24 | Q9: =IFERROR(VLOOKUP(Vaktplan!$A$41,Vaktplan!$Y$4:$CL$35,86-AJ62,FALSE),0) -> 0 | R9: =IFERROR(VLOOKUP(Vaktplan!$A$41,Vaktplan!$Y$4:$CL$35,86-AI62,FALSE),0) -> 0 | S9: =IFERROR(VLOOKUP(Vaktplan!$A$41,Vaktplan!$Y$4:$CL$35,89-$AJ62,FALSE),0) -> 0 | T9: =IF(AND(Q9=0,R9=0),0,IF(Q9<R9,((R9-Q9)*24)-S9,(((1-Q9)+R9)*24)-S9)) -> 0 | U9: =IF(AND(R9=0,V9=0),24,IF(R9=0,12+(V9*24),IF(R9<V9,((V9-R9)*24),IF(V9=0,(1-R9+0.5)*24,((1-R9)+V9)*24)))) -> 24 | V9: =IFERROR(VLOOKUP(Vaktplan!$A$41,Vaktplan!$Z$4:$CL$35,86-AK62,FALSE),0) -> 0 | W9: =IFERROR(VLOOKUP(Vaktplan!$A$41,Vaktplan!$Z$4:$CL$35,86-AJ62,FALSE),0) -> 0 | X9: =IFERROR(VLOOKUP(Vaktplan!$A$41,Vaktplan!$Z$4:$CL$35,89-$AK62,FALSE),0) -> 0 | Y9: =IF(AND(V9=0,W9=0),0,IF(V9<W9,((W9-V9)*24)-X9,(((1-V9)+W9)*24)-X9)) -> 0 | Z9: =IF(AND(W9=0,AA9=0),24,IF(W9=0,12+(AA9*24),IF(W9<AA9,((AA9-W9)*24),IF(AA9=0,(1-W9+0.5)*24,((1-W9)+AA9)*24)))) -> 24 | AA9: =IFERROR(VLOOKUP(Vaktplan!$A$41,Vaktplan!$AA$4:$CL$35,86-AL62,FALSE),0) -> 0 | AB9: =IFERROR(VLOOKUP(Vaktplan!$A$41,Vaktplan!$AA$4:$CL$35,86-AK62,FALSE),0) -> 0 | AC9: =IFERROR(VLOOKUP(Vaktplan!$A$41,Vaktplan!$AA$4:$CL$35,89-$AL62,FALSE),0) -> 0 | AD9: =IF(AND(AA9=0,AB9=0),0,IF(AA9<AB9,((AB9-AA9)*24)-AC9,(((1-AA9)+AB9)*24)-AC9)) -> 0 | AE9: =IF(AND(AB9=0,AF9=0),24,IF(AB9=0,12+(AF9*24),IF(AB9<AF9,((AF9-AB9)*24),IF(AF9=0,(1-AB9+0.5)*24,((1-AB9)+AF9)*24)))) -> 24 | AF9: =IFERROR(VLOOKUP(Vaktplan!$A$41,Vaktplan!$AB$4:$CL$35,86-AM62,FALSE),0) -> 0 | AG9: =IFERROR(VLOOKUP(Vaktplan!$A$41,Vaktplan!$AB$4:$CL$35,86-AL62,FALSE),0) -> 0 | AH9: =IFERROR(VLOOKUP(Vaktplan!$A$41,Vaktplan!$AB$4:$CL$35,89-$AM62,FALSE),0) -> 0 | AI9: =IF(AND(AF9=0,AG9=0),0,IF(AF9<AG9,((AG9-AF9)*24)-AH9,(((1-AF9)+AG9)*24)-AH9)) -> 0 | AJ9: =IF($M$1=AL31,IF(AND(AG9=0,B9=0),24,IF(AG9=0,12+($B$6*24),IF(AG9<$B$6,(($B$6-AG9)*24),IF($B$6=0,(1-AG9+1)*24,((1-AG9)+$B$6)*24)))),IF(AND(AG9=0,B10=0),24,IF(AG9=0,12+(B10*24),IF(AG9<B10,((B10-AG9)*24),IF(B10=0,(1-AG9+1)*24,((1-AG9)+B10)*24))))) -> 24 | AK9: =E9+J9+O9+T9+Y9+AD9+AI9 -> 0 | AL9: =AJ9 -> 24 | AM9: =AK9 -> 0
A10: =IF($M$1>=5,5,0) -> 0 | B10: =IFERROR(VLOOKUP(Vaktplan!$A$41,Vaktplan!$AC$4:$CL$35,87-AH63,FALSE),0) -> 0 | C10: =IFERROR(VLOOKUP(Vaktplan!$A$41,Vaktplan!$AC$4:$CL$35,87-AG63,FALSE),0) -> 0 | D10: =IFERROR(VLOOKUP(Vaktplan!$A$41,Vaktplan!$AC$4:$CL$35,89-AG63,FALSE),0) -> 0 | E10: =IF(AND(B10=0,C10=0),0,IF(B10<C10,((C10-B10)*24)-D10,(((1-B10)+C10)*24)-D10)) -> 0 | F10: =IF(AND(C10=0,G10=0),24,IF(C10=0,12+(G10*24),IF(C10<G10,((G10-C10)*24),IF(G10=0,(1-C10+0.5)*24,((1-C10)+G10)*24)))) -> 24 | G10: =IFERROR(VLOOKUP(Vaktplan!$A$41,Vaktplan!$AD$4:$CL$35,86-AH63,FALSE),0) -> 0 | H10: =IFERROR(VLOOKUP(Vaktplan!$A$41,Vaktplan!$AD$4:$CL$35,86-AG63,FALSE),0) -> 0 | I10: =IFERROR(VLOOKUP(Vaktplan!$A$41,Vaktplan!$AD$4:$CL$35,89-$AH63,FALSE),0) -> 0 | J10: =IF(AND(G10=0,H10=0),0,IF(G10<H10,((H10-G10)*24)-I10,(((1-G10)+H10)*24)-I10)) -> 0 | K10: =IF(AND(H10=0,L10=0),24,IF(H10=0,12+(L10*24),IF(H10<L10,((L10-H10)*24),IF(L10=0,(1-H10+0.5)*24,((1-H10)+L10)*24)))) -> 24 | L10: =IFERROR(VLOOKUP(Vaktplan!$A$41,Vaktplan!$AE$4:$CL$35,86-AI63,FALSE),0) -> 0 | M10: =IFERROR(VLOOKUP(Vaktplan!$A$41,Vaktplan!$AE$4:$CL$35,86-AH63,FALSE),0) -> 0 | N10: =IFERROR(VLOOKUP(Vaktplan!$A$41,Vaktplan!$AE$4:$CL$35,89-$AI63,FALSE),0) -> 0 | O10: =IF(AND(L10=0,M10=0),0,IF(L10<M10,((M10-L10)*24)-N10,(((1-L10)+M10)*24)-N10)) -> 0 | P10: =IF(AND(M10=0,Q10=0),24,IF(M10=0,12+(Q10*24),IF(M10<Q10,((Q10-M10)*24),IF(Q10=0,(1-M10+0.5)*24,((1-M10)+Q10)*24)))) -> 24 | Q10: =IFERROR(VLOOKUP(Vaktplan!$A$41,Vaktplan!$AF$4:$CL$35,86-AJ63,FALSE),0) -> 0 | R10: =IFERROR(VLOOKUP(Vaktplan!$A$41,Vaktplan!$AF$4:$CL$35,86-AI63,FALSE),0) -> 0 | S10: =IFERROR(VLOOKUP(Vaktplan!$A$41,Vaktplan!$AF$4:$CL$35,89-$AJ63,FALSE),0) -> 0 | T10: =IF(AND(Q10=0,R10=0),0,IF(Q10<R10,((R10-Q10)*24)-S10,(((1-Q10)+R10)*24)-S10)) -> 0 | U10: =IF(AND(R10=0,V10=0),24,IF(R10=0,12+(V10*24),IF(R10<V10,((V10-R10)*24),IF(V10=0,(1-R10+0.5)*24,((1-R10)+V10)*24)))) -> 24 | V10: =IFERROR(VLOOKUP(Vaktplan!$A$41,Vaktplan!$AG$4:$CL$35,86-AK63,FALSE),0) -> 0 | W10: =IFERROR(VLOOKUP(Vaktplan!$A$41,Vaktplan!$AG$4:$CL$35,86-AJ63,FALSE),0) -> 0 | X10: =IFERROR(VLOOKUP(Vaktplan!$A$41,Vaktplan!$AG$4:$CL$35,89-$AK63,FALSE),0) -> 0 | Y10: =IF(AND(V10=0,W10=0),0,IF(V10<W10,((W10-V10)*24)-X10,(((1-V10)+W10)*24)-X10)) -> 0 | Z10: =IF(AND(W10=0,AA10=0),24,IF(W10=0,12+(AA10*24),IF(W10<AA10,((AA10-W10)*24),IF(AA10=0,(1-W10+0.5)*24,((1-W10)+AA10)*24)))) -> 24 | AA10: =IFERROR(VLOOKUP(Vaktplan!$A$41,Vaktplan!$AH$4:$CL$35,86-AL63,FALSE),0) -> 0 | AB10: =IFERROR(VLOOKUP(Vaktplan!$A$41,Vaktplan!$AH$4:$CL$35,86-AK63,FALSE),0) -> 0 | AC10: =IFERROR(VLOOKUP(Vaktplan!$A$41,Vaktplan!$AH$4:$CL$35,89-$AL63,FALSE),0) -> 0 | AD10: =IF(AND(AA10=0,AB10=0),0,IF(AA10<AB10,((AB10-AA10)*24)-AC10,(((1-AA10)+AB10)*24)-AC10)) -> 0 | AE10: =IF(AND(AB10=0,AF10=0),24,IF(AB10=0,12+(AF10*24),IF(AB10<AF10,((AF10-AB10)*24),IF(AF10=0,(1-AB10+0.5)*24,((1-AB10)+AF10)*24)))) -> 24 | AF10: =IFERROR(VLOOKUP(Vaktplan!$A$41,Vaktplan!$AI$4:$CL$35,86-AM63,FALSE),0) -> 0 | AG10: =IFERROR(VLOOKUP(Vaktplan!$A$41,Vaktplan!$AI$4:$CL$35,86-AL63,FALSE),0) -> 0 | AH10: =IFERROR(VLOOKUP(Vaktplan!$A$41,Vaktplan!$AI$4:$CL$35,89-$AM63,FALSE),0) -> 0 | AI10: =IF(AND(AF10=0,AG10=0),0,IF(AF10<AG10,((AG10-AF10)*24)-AH10,(((1-AF10)+AG10)*24)-AH10)) -> 0 | AJ10: =IF($M$1=AL32,IF(AND(AG10=0,B10=0),24,IF(AG10=0,12+($B$6*24),IF(AG10<$B$6,(($B$6-AG10)*24),IF($B$6=0,(1-AG10+1)*24,((1-AG10)+$B$6)*24)))),IF(AND(AG10=0,B11=0),24,IF(AG10=0,12+(B11*24),IF(AG10<B11,((B11-AG10)*24),IF(B11=0,(1-AG10+1)*24,((1-AG10)+B11)*24))))) -> 24 | AK10: =E10+J10+O10+T10+Y10+AD10+AI10 -> 0 | AL10: =AJ10 -> 24 | AM10: =AK10 -> 0
A11: =IF($M$1>=6,6,0) -> 0 | B11: =IFERROR(VLOOKUP(Vaktplan!$A$41,Vaktplan!$AJ$4:$CL$35,87-AH64,FALSE),0) -> 0 | C11: =IFERROR(VLOOKUP(Vaktplan!$A$41,Vaktplan!$AJ$4:$CL$35,87-AG64,FALSE),0) -> 0 | D11: =IFERROR(VLOOKUP(Vaktplan!$A$41,Vaktplan!$AJ$4:$CL$35,89-AG64,FALSE),0) -> 0 | E11: =IF(AND(B11=0,C11=0),0,IF(B11<C11,((C11-B11)*24)-D11,(((1-B11)+C11)*24)-D11)) -> 0 | F11: =IF(AND(C11=0,G11=0),24,IF(C11=0,12+(G11*24),IF(C11<G11,((G11-C11)*24),IF(G11=0,(1-C11+0.5)*24,((1-C11)+G11)*24)))) -> 24 | G11: =IFERROR(VLOOKUP(Vaktplan!$A$41,Vaktplan!$AK$4:$CL$35,86-AH64,FALSE),0) -> 0 | H11: =IFERROR(VLOOKUP(Vaktplan!$A$41,Vaktplan!$AK$4:$CL$35,86-AG64,FALSE),0) -> 0 | I11: =IFERROR(VLOOKUP(Vaktplan!$A$41,Vaktplan!$AK$4:$CL$35,89-$AH64,FALSE),0) -> 0 | J11: =IF(AND(G11=0,H11=0),0,IF(G11<H11,((H11-G11)*24)-I11,(((1-G11)+H11)*24)-I11)) -> 0 | K11: =IF(AND(H11=0,L11=0),24,IF(H11=0,12+(L11*24),IF(H11<L11,((L11-H11)*24),IF(L11=0,(1-H11+0.5)*24,((1-H11)+L11)*24)))) -> 24 | L11: =IFERROR(VLOOKUP(Vaktplan!$A$41,Vaktplan!$AL$4:$CL$35,86-AI64,FALSE),0) -> 0 | M11: =IFERROR(VLOOKUP(Vaktplan!$A$41,Vaktplan!$AL$4:$CL$35,86-AH64,FALSE),0) -> 0 | N11: =IFERROR(VLOOKUP(Vaktplan!$A$41,Vaktplan!$AL$4:$CL$35,89-$AI64,FALSE),0) -> 0 | O11: =IF(AND(L11=0,M11=0),0,IF(L11<M11,((M11-L11)*24)-N11,(((1-L11)+M11)*24)-N11)) -> 0 | P11: =IF(AND(M11=0,Q11=0),24,IF(M11=0,12+(Q11*24),IF(M11<Q11,((Q11-M11)*24),IF(Q11=0,(1-M11+0.5)*24,((1-M11)+Q11)*24)))) -> 24 | Q11: =IFERROR(VLOOKUP(Vaktplan!$A$41,Vaktplan!$AM$4:$CL$35,86-AJ64,FALSE),0) -> 0 | R11: =IFERROR(VLOOKUP(Vaktplan!$A$41,Vaktplan!$AM$4:$CL$35,86-AI64,FALSE),0) -> 0 | S11: =IFERROR(VLOOKUP(Vaktplan!$A$41,Vaktplan!$AM$4:$CL$35,89-$AJ64,FALSE),0) -> 0 | T11: =IF(AND(Q11=0,R11=0),0,IF(Q11<R11,((R11-Q11)*24)-S11,(((1-Q11)+R11)*24)-S11)) -> 0 | U11: =IF(AND(R11=0,V11=0),24,IF(R11=0,12+(V11*24),IF(R11<V11,((V11-R11)*24),IF(V11=0,(1-R11+0.5)*24,((1-R11)+V11)*24)))) -> 24 | V11: =IFERROR(VLOOKUP(Vaktplan!$A$41,Vaktplan!$AN$4:$CL$35,86-AK64,FALSE),0) -> 0 | W11: =IFERROR(VLOOKUP(Vaktplan!$A$41,Vaktplan!$AN$4:$CL$35,86-AJ64,FALSE),0) -> 0 | X11: =IFERROR(VLOOKUP(Vaktplan!$A$41,Vaktplan!$AN$4:$CL$35,89-$AK64,FALSE),0) -> 0 | Y11: =IF(AND(V11=0,W11=0),0,IF(V11<W11,((W11-V11)*24)-X11,(((1-V11)+W11)*24)-X11)) -> 0 | Z11: =IF(AND(W11=0,AA11=0),24,IF(W11=0,12+(AA11*24),IF(W11<AA11,((AA11-W11)*24),IF(AA11=0,(1-W11+0.5)*24,((1-W11)+AA11)*24)))) -> 24 | AA11: =IFERROR(VLOOKUP(Vaktplan!$A$41,Vaktplan!$AO$4:$CL$35,86-AL64,FALSE),0) -> 0 | AB11: =IFERROR(VLOOKUP(Vaktplan!$A$41,Vaktplan!$AO$4:$CL$35,86-AK64,FALSE),0) -> 0 | AC11: =IFERROR(VLOOKUP(Vaktplan!$A$41,Vaktplan!$AO$4:$CL$35,89-$AL64,FALSE),0) -> 0 | AD11: =IF(AND(AA11=0,AB11=0),0,IF(AA11<AB11,((AB11-AA11)*24)-AC11,(((1-AA11)+AB11)*24)-AC11)) -> 0 | AE11: =IF(AND(AB11=0,AF11=0),24,IF(AB11=0,12+(AF11*24),IF(AB11<AF11,((AF11-AB11)*24),IF(AF11=0,(1-AB11+0.5)*24,((1-AB11)+AF11)*24)))) -> 24 | AF11: =IFERROR(VLOOKUP(Vaktplan!$A$41,Vaktplan!$AP$4:$CL$35,86-AM64,FALSE),0) -> 0 | AG11: =IFERROR(VLOOKUP(Vaktplan!$A$41,Vaktplan!$AP$4:$CL$35,86-AL64,FALSE),0) -> 0 | AH11: =IFERROR(VLOOKUP(Vaktplan!$A$41,Vaktplan!$AP$4:$CL$35,89-$AM64,FALSE),0) -> 0 | AI11: =IF(AND(AF11=0,AG11=0),0,IF(AF11<AG11,((AG11-AF11)*24)-AH11,(((1-AF11)+AG11)*24)-AH11)) -> 0 | AJ11: =IF($M$1=AL33,IF(AND(AG11=0,B11=0),24,IF(AG11=0,12+($B$6*24),IF(AG11<$B$6,(($B$6-AG11)*24),IF($B$6=0,(1-AG11+1)*24,((1-AG11)+$B$6)*24)))),IF(AND(AG11=0,B12=0),24,IF(AG11=0,12+(B12*24),IF(AG11<B12,((B12-AG11)*24),IF(B12=0,(1-AG11+1)*24,((1-AG11)+B12)*24))))) -> 24 | AK11: =E11+J11+O11+T11+Y11+AD11+AI11 -> 0 | AL11: =AJ11 -> 24 | AM11: =AK11 -> 0
A12: =IF($M$1>=7,7,0) -> 0 | B12: =IFERROR(VLOOKUP(Vaktplan!$A$41,Vaktplan!$AQ$4:$CL$35,87-AH65,FALSE),0) -> 0 | C12: =IFERROR(VLOOKUP(Vaktplan!$A$41,Vaktplan!$AQ$4:$CL$35,87-AG65,FALSE),0) -> 0 | D12: =IFERROR(VLOOKUP(Vaktplan!$A$41,Vaktplan!$AQ$4:$CL$35,89-AG65,FALSE),0) -> 0 | E12: =IF(AND(B12=0,C12=0),0,IF(B12<C12,((C12-B12)*24)-D12,(((1-B12)+C12)*24)-D12)) -> 0 | F12: =IF(AND(C12=0,G12=0),24,IF(C12=0,12+(G12*24),IF(C12<G12,((G12-C12)*24),IF(G12=0,(1-C12+0.5)*24,((1-C12)+G12)*24)))) -> 24 | G12: =IFERROR(VLOOKUP(Vaktplan!$A$41,Vaktplan!$AR$4:$CL$35,86-AH65,FALSE),0) -> 0 | H12: =IFERROR(VLOOKUP(Vaktplan!$A$41,Vaktplan!$AR$4:$CL$35,86-AG65,FALSE),0) -> 0 | I12: =IFERROR(VLOOKUP(Vaktplan!$A$41,Vaktplan!$AR$4:$CL$35,89-$AH65,FALSE),0) -> 0 | J12: =IF(AND(G12=0,H12=0),0,IF(G12<H12,((H12-G12)*24)-I12,(((1-G12)+H12)*24)-I12)) -> 0 | K12: =IF(AND(H12=0,L12=0),24,IF(H12=0,12+(L12*24),IF(H12<L12,((L12-H12)*24),IF(L12=0,(1-H12+0.5)*24,((1-H12)+L12)*24)))) -> 24 | L12: =IFERROR(VLOOKUP(Vaktplan!$A$41,Vaktplan!$AS$4:$CL$35,86-AI65,FALSE),0) -> 0 | M12: =IFERROR(VLOOKUP(Vaktplan!$A$41,Vaktplan!$AS$4:$CL$35,86-AH65,FALSE),0) -> 0 | N12: =IFERROR(VLOOKUP(Vaktplan!$A$41,Vaktplan!$AS$4:$CL$35,89-$AI65,FALSE),0) -> 0 | O12: =IF(AND(L12=0,M12=0),0,IF(L12<M12,((M12-L12)*24)-N12,(((1-L12)+M12)*24)-N12)) -> 0 | P12: =IF(AND(M12=0,Q12=0),24,IF(M12=0,12+(Q12*24),IF(M12<Q12,((Q12-M12)*24),IF(Q12=0,(1-M12+0.5)*24,((1-M12)+Q12)*24)))) -> 24 | Q12: =IFERROR(VLOOKUP(Vaktplan!$A$41,Vaktplan!$AT$4:$CL$35,86-AJ65,FALSE),0) -> 0 | R12: =IFERROR(VLOOKUP(Vaktplan!$A$41,Vaktplan!$AT$4:$CL$35,86-AI65,FALSE),0) -> 0 | S12: =IFERROR(VLOOKUP(Vaktplan!$A$41,Vaktplan!$AT$4:$CL$35,89-$AJ65,FALSE),0) -> 0 | T12: =IF(AND(Q12=0,R12=0),0,IF(Q12<R12,((R12-Q12)*24)-S12,(((1-Q12)+R12)*24)-S12)) -> 0 | U12: =IF(AND(R12=0,V12=0),24,IF(R12=0,12+(V12*24),IF(R12<V12,((V12-R12)*24),IF(V12=0,(1-R12+0.5)*24,((1-R12)+V12)*24)))) -> 24 | V12: =IFERROR(VLOOKUP(Vaktplan!$A$41,Vaktplan!$AU$4:$CL$35,86-AK65,FALSE),0) -> 0 | W12: =IFERROR(VLOOKUP(Vaktplan!$A$41,Vaktplan!$AU$4:$CL$35,86-AJ65,FALSE),0) -> 0 | X12: =IFERROR(VLOOKUP(Vaktplan!$A$41,Vaktplan!$AU$4:$CL$35,89-$AK65,FALSE),0) -> 0 | Y12: =IF(AND(V12=0,W12=0),0,IF(V12<W12,((W12-V12)*24)-X12,(((1-V12)+W12)*24)-X12)) -> 0 | Z12: =IF(AND(W12=0,AA12=0),24,IF(W12=0,12+(AA12*24),IF(W12<AA12,((AA12-W12)*24),IF(AA12=0,(1-W12+0.5)*24,((1-W12)+AA12)*24)))) -> 24 | AA12: =IFERROR(VLOOKUP(Vaktplan!$A$41,Vaktplan!$AV$4:$CL$35,86-AL65,FALSE),0) -> 0 | AB12: =IFERROR(VLOOKUP(Vaktplan!$A$41,Vaktplan!$AV$4:$CL$35,86-AK65,FALSE),0) -> 0 | AC12: =IFERROR(VLOOKUP(Vaktplan!$A$41,Vaktplan!$AV$4:$CL$35,89-$AL65,FALSE),0) -> 0 | AD12: =IF(AND(AA12=0,AB12=0),0,IF(AA12<AB12,((AB12-AA12)*24)-AC12,(((1-AA12)+AB12)*24)-AC12)) -> 0 | AE12: =IF(AND(AB12=0,AF12=0),24,IF(AB12=0,12+(AF12*24),IF(AB12<AF12,((AF12-AB12)*24),IF(AF12=0,(1-AB12+0.5)*24,((1-AB12)+AF12)*24)))) -> 24 | AF12: =IFERROR(VLOOKUP(Vaktplan!$A$41,Vaktplan!$AW$4:$CL$35,86-AM65,FALSE),0) -> 0 | AG12: =IFERROR(VLOOKUP(Vaktplan!$A$41,Vaktplan!$AW$4:$CL$35,86-AL65,FALSE),0) -> 0 | AH12: =IFERROR(VLOOKUP(Vaktplan!$A$41,Vaktplan!$AW$4:$CL$35,89-$AM65,FALSE),0) -> 0 | AI12: =IF(AND(AF12=0,AG12=0),0,IF(AF12<AG12,((AG12-AF12)*24)-AH12,(((1-AF12)+AG12)*24)-AH12)) -> 0 | AJ12: =IF($M$1=AL34,IF(AND(AG12=0,B12=0),24,IF(AG12=0,12+($B$6*24),IF(AG12<$B$6,(($B$6-AG12)*24),IF($B$6=0,(1-AG12+1)*24,((1-AG12)+$B$6)*24)))),IF(AND(AG12=0,B13=0),24,IF(AG12=0,12+(B13*24),IF(AG12<B13,((B13-AG12)*24),IF(B13=0,(1-AG12+1)*24,((1-AG12)+B13)*24))))) -> 24 | AK12: =E12+J12+O12+T12+Y12+AD12+AI12 -> 0 | AL12: =AJ12 -> 24 | AM12: =AK12 -> 0
A13: =IF($M$1>=8,8,0) -> 0 | B13: =IFERROR(VLOOKUP(Vaktplan!$A$41,Vaktplan!$AX$4:$CL$35,87-AH66,FALSE),0) -> 0 | C13: =IFERROR(VLOOKUP(Vaktplan!$A$41,Vaktplan!$AX$4:$CL$35,87-AG66,FALSE),0) -> 0 | D13: =IFERROR(VLOOKUP(Vaktplan!$A$41,Vaktplan!$AX$4:$CL$35,89-AG66,FALSE),0) -> 0 | E13: =IF(AND(B13=0,C13=0),0,IF(B13<C13,((C13-B13)*24)-D13,(((1-B13)+C13)*24)-D13)) -> 0 | F13: =IF(AND(C13=0,G13=0),24,IF(C13=0,12+(G13*24),IF(C13<G13,((G13-C13)*24),IF(G13=0,(1-C13+0.5)*24,((1-C13)+G13)*24)))) -> 24 | G13: =IFERROR(VLOOKUP(Vaktplan!$A$41,Vaktplan!$AY$4:$CL$35,86-AH66,FALSE),0) -> 0 | H13: =IFERROR(VLOOKUP(Vaktplan!$A$41,Vaktplan!$AY$4:$CL$35,86-AG66,FALSE),0) -> 0 | I13: =IFERROR(VLOOKUP(Vaktplan!$A$41,Vaktplan!$AY$4:$CL$35,89-$AH66,FALSE),0) -> 0 | J13: =IF(AND(G13=0,H13=0),0,IF(G13<H13,((H13-G13)*24)-I13,(((1-G13)+H13)*24)-I13)) -> 0 | K13: =IF(AND(H13=0,L13=0),24,IF(H13=0,12+(L13*24),IF(H13<L13,((L13-H13)*24),IF(L13=0,(1-H13+0.5)*24,((1-H13)+L13)*24)))) -> 24 | L13: =IFERROR(VLOOKUP(Vaktplan!$A$41,Vaktplan!$AZ$4:$CL$35,86-AI66,FALSE),0) -> 0 | M13: =IFERROR(VLOOKUP(Vaktplan!$A$41,Vaktplan!$AZ$4:$CL$35,86-AH66,FALSE),0) -> 0 | N13: =IFERROR(VLOOKUP(Vaktplan!$A$41,Vaktplan!$AZ$4:$CL$35,89-$AI66,FALSE),0) -> 0 | O13: =IF(AND(L13=0,M13=0),0,IF(L13<M13,((M13-L13)*24)-N13,(((1-L13)+M13)*24)-N13)) -> 0 | P13: =IF(AND(M13=0,Q13=0),24,IF(M13=0,12+(Q13*24),IF(M13<Q13,((Q13-M13)*24),IF(Q13=0,(1-M13+0.5)*24,((1-M13)+Q13)*24)))) -> 24 | Q13: =IFERROR(VLOOKUP(Vaktplan!$A$41,Vaktplan!$BA$4:$CL$35,86-AJ66,FALSE),0) -> 0 | R13: =IFERROR(VLOOKUP(Vaktplan!$A$41,Vaktplan!$BA$4:$CL$35,86-AI66,FALSE),0) -> 0 | S13: =IFERROR(VLOOKUP(Vaktplan!$A$41,Vaktplan!$BA$4:$CL$35,89-$AJ66,FALSE),0) -> 0 | T13: =IF(AND(Q13=0,R13=0),0,IF(Q13<R13,((R13-Q13)*24)-S13,(((1-Q13)+R13)*24)-S13)) -> 0 | U13: =IF(AND(R13=0,V13=0),24,IF(R13=0,12+(V13*24),IF(R13<V13,((V13-R13)*24),IF(V13=0,(1-R13+0.5)*24,((1-R13)+V13)*24)))) -> 24 | V13: =IFERROR(VLOOKUP(Vaktplan!$A$41,Vaktplan!$BB$4:$CL$35,86-AK66,FALSE),0) -> 0 | W13: =IFERROR(VLOOKUP(Vaktplan!$A$41,Vaktplan!$BB$4:$CL$35,86-AJ66,FALSE),0) -> 0 | X13: =IFERROR(VLOOKUP(Vaktplan!$A$41,Vaktplan!$BB$4:$CL$35,89-$AK66,FALSE),0) -> 0 | Y13: =IF(AND(V13=0,W13=0),0,IF(V13<W13,((W13-V13)*24)-X13,(((1-V13)+W13)*24)-X13)) -> 0 | Z13: =IF(AND(W13=0,AA13=0),24,IF(W13=0,12+(AA13*24),IF(W13<AA13,((AA13-W13)*24),IF(AA13=0,(1-W13+0.5)*24,((1-W13)+AA13)*24)))) -> 24 | AA13: =IFERROR(VLOOKUP(Vaktplan!$A$41,Vaktplan!$BC$4:$CL$35,86-AL66,FALSE),0) -> 0 | AB13: =IFERROR(VLOOKUP(Vaktplan!$A$41,Vaktplan!$BC$4:$CL$35,86-AK66,FALSE),0) -> 0 | AC13: =IFERROR(VLOOKUP(Vaktplan!$A$41,Vaktplan!$BC$4:$CL$35,89-$AL66,FALSE),0) -> 0 | AD13: =IF(AND(AA13=0,AB13=0),0,IF(AA13<AB13,((AB13-AA13)*24)-AC13,(((1-AA13)+AB13)*24)-AC13)) -> 0 | AE13: =IF(AND(AB13=0,AF13=0),24,IF(AB13=0,12+(AF13*24),IF(AB13<AF13,((AF13-AB13)*24),IF(AF13=0,(1-AB13+0.5)*24,((1-AB13)+AF13)*24)))) -> 24 | AF13: =IFERROR(VLOOKUP(Vaktplan!$A$41,Vaktplan!$BD$4:$CL$35,86-AM66,FALSE),0) -> 0 | AG13: =IFERROR(VLOOKUP(Vaktplan!$A$41,Vaktplan!$BD$4:$CL$35,86-AL66,FALSE),0) -> 0 | AH13: =IFERROR(VLOOKUP(Vaktplan!$A$41,Vaktplan!$BD$4:$CL$35,89-$AM66,FALSE),0) -> 0 | AI13: =IF(AND(AF13=0,AG13=0),0,IF(AF13<AG13,((AG13-AF13)*24)-AH13,(((1-AF13)+AG13)*24)-AH13)) -> 0 | AJ13: =IF($M$1=AL35,IF(AND(AG13=0,B13=0),24,IF(AG13=0,12+($B$6*24),IF(AG13<$B$6,(($B$6-AG13)*24),IF($B$6=0,(1-AG13+1)*24,((1-AG13)+$B$6)*24)))),IF(AND(AG13=0,B14=0),24,IF(AG13=0,12+(B14*24),IF(AG13<B14,((B14-AG13)*24),IF(B14=0,(1-AG13+1)*24,((1-AG13)+B14)*24))))) -> 24 | AK13: =E13+J13+O13+T13+Y13+AD13+AI13 -> 0 | AL13: =AJ13 -> 24 | AM13: =AK13 -> 0
A14: 9 | B14: =IFERROR(VLOOKUP(Vaktplan!$A$41,Vaktplan!$BE$4:$CL$35,87-AH67,FALSE),0) -> 0 | C14: =IFERROR(VLOOKUP(Vaktplan!$A$41,Vaktplan!$BE$4:$CL$35,87-AG67,FALSE),0) -> 0 | D14: =IFERROR(VLOOKUP(Vaktplan!$A$41,Vaktplan!$BE$4:$CL$35,89-AG67,FALSE),0) -> 0 | E14: =IF(AND(B14=0,C14=0),0,IF(B14<C14,((C14-B14)*24)-D14,(((1-B14)+C14)*24)-D14)) -> 0 | F14: =IF(AND(C14=0,G14=0),24,IF(C14=0,12+(G14*24),IF(C14<G14,((G14-C14)*24),IF(G14=0,(1-C14+0.5)*24,((1-C14)+G14)*24)))) -> 24 | G14: =IFERROR(VLOOKUP(Vaktplan!$A$41,Vaktplan!$BF$4:$CL$35,86-AH67,FALSE),0) -> 0 | H14: =IFERROR(VLOOKUP(Vaktplan!$A$41,Vaktplan!$BF$4:$CL$35,86-AG67,FALSE),0) -> 0 | I14: =IFERROR(VLOOKUP(Vaktplan!$A$41,Vaktplan!$BF$4:$CL$35,89-$AH67,FALSE),0) -> 0 | J14: =IF(AND(G14=0,H14=0),0,IF(G14<H14,((H14-G14)*24)-I14,(((1-G14)+H14)*24)-I14)) -> 0 | K14: =IF(AND(H14=0,L14=0),24,IF(H14=0,12+(L14*24),IF(H14<L14,((L14-H14)*24),IF(L14=0,(1-H14+0.5)*24,((1-H14)+L14)*24)))) -> 24 | L14: =IFERROR(VLOOKUP(Vaktplan!$A$41,Vaktplan!$BG$4:$CL$35,86-AI67,FALSE),0) -> 0 | M14: =IFERROR(VLOOKUP(Vaktplan!$A$41,Vaktplan!$BG$4:$CL$35,86-AH67,FALSE),0) -> 0 | N14: =IFERROR(VLOOKUP(Vaktplan!$A$41,Vaktplan!$BG$4:$CL$35,89-$AI67,FALSE),0) -> 0 | O14: =IF(AND(L14=0,M14=0),0,IF(L14<M14,((M14-L14)*24)-N14,(((1-L14)+M14)*24)-N14)) -> 0 | P14: =IF(AND(M14=0,Q14=0),24,IF(M14=0,12+(Q14*24),IF(M14<Q14,((Q14-M14)*24),IF(Q14=0,(1-M14+0.5)*24,((1-M14)+Q14)*24)))) -> 24 | Q14: =IFERROR(VLOOKUP(Vaktplan!$A$41,Vaktplan!$BH$4:$CL$35,86-AJ67,FALSE),0) -> 0 | R14: =IFERROR(VLOOKUP(Vaktplan!$A$41,Vaktplan!$BH$4:$CL$35,86-AI67,FALSE),0) -> 0 | S14: =IFERROR(VLOOKUP(Vaktplan!$A$41,Vaktplan!$BH$4:$CL$35,89-$AJ67,FALSE),0) -> 0 | T14: =IF(AND(Q14=0,R14=0),0,IF(Q14<R14,((R14-Q14)*24)-S14,(((1-Q14)+R14)*24)-S14)) -> 0 | U14: =IF(AND(R14=0,V14=0),24,IF(R14=0,12+(V14*24),IF(R14<V14,((V14-R14)*24),IF(V14=0,(1-R14+0.5)*24,((1-R14)+V14)*24)))) -> 24 | V14: =IFERROR(VLOOKUP(Vaktplan!$A$41,Vaktplan!$BI$4:$CL$35,86-AK67,FALSE),0) -> 0 | W14: =IFERROR(VLOOKUP(Vaktplan!$A$41,Vaktplan!$BI$4:$CL$35,86-AJ67,FALSE),0) -> 0 | X14: =IFERROR(VLOOKUP(Vaktplan!$A$41,Vaktplan!$BI$4:$CL$35,89-$AK67,FALSE),0) -> 0 | Y14: =IF(AND(V14=0,W14=0),0,IF(V14<W14,((W14-V14)*24)-X14,(((1-V14)+W14)*24)-X14)) -> 0 | Z14: =IF(AND(W14=0,AA14=0),24,IF(W14=0,12+(AA14*24),IF(W14<AA14,((AA14-W14)*24),IF(AA14=0,(1-W14+0.5)*24,((1-W14)+AA14)*24)))) -> 24 | AA14: =IFERROR(VLOOKUP(Vaktplan!$A$41,Vaktplan!$BJ$4:$CL$35,86-AL67,FALSE),0) -> 0 | AB14: =IFERROR(VLOOKUP(Vaktplan!$A$41,Vaktplan!$BJ$4:$CL$35,86-AK67,FALSE),0) -> 0 | AC14: =IFERROR(VLOOKUP(Vaktplan!$A$41,Vaktplan!$BJ$4:$CL$35,89-$AL67,FALSE),0) -> 0 | AD14: =IF(AND(AA14=0,AB14=0),0,IF(AA14<AB14,((AB14-AA14)*24)-AC14,(((1-AA14)+AB14)*24)-AC14)) -> 0 | AE14: =IF(AND(AB14=0,AF14=0),24,IF(AB14=0,12+(AF14*24),IF(AB14<AF14,((AF14-AB14)*24),IF(AF14=0,(1-AB14+0.5)*24,((1-AB14)+AF14)*24)))) -> 24 | AF14: =IFERROR(VLOOKUP(Vaktplan!$A$41,Vaktplan!$BK$4:$CL$35,86-AM67,FALSE),0) -> 0 | AG14: =IFERROR(VLOOKUP(Vaktplan!$A$41,Vaktplan!$BK$4:$CL$35,86-AL67,FALSE),0) -> 0 | AH14: =IFERROR(VLOOKUP(Vaktplan!$A$41,Vaktplan!$BK$4:$CL$35,89-$AM67,FALSE),0) -> 0 | AI14: =IF(AND(AF14=0,AG14=0),0,IF(AF14<AG14,((AG14-AF14)*24)-AH14,(((1-AF14)+AG14)*24)-AH14)) -> 0 | AJ14: =IF($M$1=AL36,IF(AND(AG14=0,B14=0),24,IF(AG14=0,12+($B$6*24),IF(AG14<$B$6,(($B$6-AG14)*24),IF($B$6=0,(1-AG14+1)*24,((1-AG14)+$B$6)*24)))),IF(AND(AG14=0,B15=0),24,IF(AG14=0,12+(B15*24),IF(AG14<B15,((B15-AG14)*24),IF(B15=0,(1-AG14+1)*24,((1-AG14)+B15)*24))))) -> 24 | AK14: =E14+J14+O14+T14+Y14+AD14+AI14 -> 0
A15: 10 | B15: =IFERROR(VLOOKUP(Vaktplan!$A$41,Vaktplan!$BL$4:$CL$35,87-AH68,FALSE),0) -> 0 | C15: =IFERROR(VLOOKUP(Vaktplan!$A$41,Vaktplan!$BL$4:$CL$35,87-AG68,FALSE),0) -> 0 | D15: =IFERROR(VLOOKUP(Vaktplan!$A$41,Vaktplan!$BL$4:$CL$35,89-AG68,FALSE),0) -> 0 | E15: =IF(AND(B15=0,C15=0),0,IF(B15<C15,((C15-B15)*24)-D15,(((1-B15)+C15)*24)-D15)) -> 0 | F15: =IF(AND(C15=0,G15=0),24,IF(C15=0,12+(G15*24),IF(C15<G15,((G15-C15)*24),IF(G15=0,(1-C15+0.5)*24,((1-C15)+G15)*24)))) -> 24 | G15: =IFERROR(VLOOKUP(Vaktplan!$A$41,Vaktplan!$BM$4:$CL$35,86-AH68,FALSE),0) -> 0 | H15: =IFERROR(VLOOKUP(Vaktplan!$A$41,Vaktplan!$BM$4:$CL$35,86-AG68,FALSE),0) -> 0 | I15: =IFERROR(VLOOKUP(Vaktplan!$A$41,Vaktplan!$BM$4:$CL$35,89-$AH68,FALSE),0) -> 0 | J15: =IF(AND(G15=0,H15=0),0,IF(G15<H15,((H15-G15)*24)-I15,(((1-G15)+H15)*24)-I15)) -> 0 | K15: =IF(AND(H15=0,L15=0),24,IF(H15=0,12+(L15*24),IF(H15<L15,((L15-H15)*24),IF(L15=0,(1-H15+0.5)*24,((1-H15)+L15)*24)))) -> 24 | L15: =IFERROR(VLOOKUP(Vaktplan!$A$41,Vaktplan!$BN$4:$CL$35,86-AI68,FALSE),0) -> 0 | M15: =IFERROR(VLOOKUP(Vaktplan!$A$41,Vaktplan!$BN$4:$CL$35,86-AH68,FALSE),0) -> 0 | N15: =IFERROR(VLOOKUP(Vaktplan!$A$41,Vaktplan!$BN$4:$CL$35,89-$AI68,FALSE),0) -> 0 | O15: =IF(AND(L15=0,M15=0),0,IF(L15<M15,((M15-L15)*24)-N15,(((1-L15)+M15)*24)-N15)) -> 0 | P15: =IF(AND(M15=0,Q15=0),24,IF(M15=0,12+(Q15*24),IF(M15<Q15,((Q15-M15)*24),IF(Q15=0,(1-M15+0.5)*24,((1-M15)+Q15)*24)))) -> 24 | Q15: =IFERROR(VLOOKUP(Vaktplan!$A$41,Vaktplan!$BO$4:$CL$35,86-AJ68,FALSE),0) -> 0 | R15: =IFERROR(VLOOKUP(Vaktplan!$A$41,Vaktplan!$BO$4:$CL$35,86-AI68,FALSE),0) -> 0 | S15: =IFERROR(VLOOKUP(Vaktplan!$A$41,Vaktplan!$BO$4:$CL$35,89-$AJ68,FALSE),0) -> 0 | T15: =IF(AND(Q15=0,R15=0),0,IF(Q15<R15,((R15-Q15)*24)-S15,(((1-Q15)+R15)*24)-S15)) -> 0 | U15: =IF(AND(R15=0,V15=0),24,IF(R15=0,12+(V15*24),IF(R15<V15,((V15-R15)*24),IF(V15=0,(1-R15+0.5)*24,((1-R15)+V15)*24)))) -> 24 | V15: =IFERROR(VLOOKUP(Vaktplan!$A$41,Vaktplan!$BP$4:$CL$35,86-AK68,FALSE),0) -> 0 | W15: =IFERROR(VLOOKUP(Vaktplan!$A$41,Vaktplan!$BP$4:$CL$35,86-AJ68,FALSE),0) -> 0 | X15: =IFERROR(VLOOKUP(Vaktplan!$A$41,Vaktplan!$BP$4:$CL$35,89-$AK68,FALSE),0) -> 0 | Y15: =IF(AND(V15=0,W15=0),0,IF(V15<W15,((W15-V15)*24)-X15,(((1-V15)+W15)*24)-X15)) -> 0 | Z15: =IF(AND(W15=0,AA15=0),24,IF(W15=0,12+(AA15*24),IF(W15<AA15,((AA15-W15)*24),IF(AA15=0,(1-W15+0.5)*24,((1-W15)+AA15)*24)))) -> 24 | AA15: =IFERROR(VLOOKUP(Vaktplan!$A$41,Vaktplan!$BQ$4:$CL$35,86-AL68,FALSE),0) -> 0 | AB15: =IFERROR(VLOOKUP(Vaktplan!$A$41,Vaktplan!$BQ$4:$CL$35,86-AK68,FALSE),0) -> 0 | AC15: =IFERROR(VLOOKUP(Vaktplan!$A$41,Vaktplan!$BQ$4:$CL$35,89-$AL68,FALSE),0) -> 0 | AD15: =IF(AND(AA15=0,AB15=0),0,IF(AA15<AB15,((AB15-AA15)*24)-AC15,(((1-AA15)+AB15)*24)-AC15)) -> 0 | AE15: =IF(AND(AB15=0,AF15=0),24,IF(AB15=0,12+(AF15*24),IF(AB15<AF15,((AF15-AB15)*24),IF(AF15=0,(1-AB15+0.5)*24,((1-AB15)+AF15)*24)))) -> 24 | AF15: =IFERROR(VLOOKUP(Vaktplan!$A$41,Vaktplan!$BR$4:$CL$35,86-AM68,FALSE),0) -> 0 | AG15: =IFERROR(VLOOKUP(Vaktplan!$A$41,Vaktplan!$BR$4:$CL$35,86-AL68,FALSE),0) -> 0 | AH15: =IFERROR(VLOOKUP(Vaktplan!$A$41,Vaktplan!$BR$4:$CL$35,89-$AM68,FALSE),0) -> 0 | AI15: =IF(AND(AF15=0,AG15=0),0,IF(AF15<AG15,((AG15-AF15)*24)-AH15,(((1-AF15)+AG15)*24)-AH15)) -> 0 | AJ15: =IF($M$1=AL37,IF(AND(AG15=0,B15=0),24,IF(AG15=0,12+($B$6*24),IF(AG15<$B$6,(($B$6-AG15)*24),IF($B$6=0,(1-AG15+1)*24,((1-AG15)+$B$6)*24)))),IF(AND(AG15=0,B16=0),24,IF(AG15=0,12+(B16*24),IF(AG15<B16,((B16-AG15)*24),IF(B16=0,(1-AG15+1)*24,((1-AG15)+B16)*24))))) -> 24 | AK15: =E15+J15+O15+T15+Y15+AD15+AI15 -> 0
A16: 11 | B16: =IFERROR(VLOOKUP(Vaktplan!$A$41,Vaktplan!$BS$4:$CL$35,87-AH69,FALSE),0) -> 0 | C16: =IFERROR(VLOOKUP(Vaktplan!$A$41,Vaktplan!$BS$4:$CL$35,87-AG69,FALSE),0) -> 0 | D16: =IFERROR(VLOOKUP(Vaktplan!$A$41,Vaktplan!$BS$4:$CL$35,89-AG69,FALSE),0) -> 0 | E16: =IF(AND(B16=0,C16=0),0,IF(B16<C16,((C16-B16)*24)-D16,(((1-B16)+C16)*24)-D16)) -> 0 | F16: =IF(AND(C16=0,G16=0),24,IF(C16=0,12+(G16*24),IF(C16<G16,((G16-C16)*24),IF(G16=0,(1-C16+0.5)*24,((1-C16)+G16)*24)))) -> 24 | G16: =IFERROR(VLOOKUP(Vaktplan!$A$41,Vaktplan!$BT$4:$CL$35,86-AH69,FALSE),0) -> 0 | H16: =IFERROR(VLOOKUP(Vaktplan!$A$41,Vaktplan!$BT$4:$CL$35,86-AG69,FALSE),0) -> 0 | I16: =IFERROR(VLOOKUP(Vaktplan!$A$41,Vaktplan!$BT$4:$CL$35,89-$AH69,FALSE),0) -> 0 | J16: =IF(AND(G16=0,H16=0),0,IF(G16<H16,((H16-G16)*24)-I16,(((1-G16)+H16)*24)-I16)) -> 0 | K16: =IF(AND(H16=0,L16=0),24,IF(H16=0,12+(L16*24),IF(H16<L16,((L16-H16)*24),IF(L16=0,(1-H16+0.5)*24,((1-H16)+L16)*24)))) -> 24 | L16: =IFERROR(VLOOKUP(Vaktplan!$A$41,Vaktplan!$BU$4:$CL$35,86-AI69,FALSE),0) -> 0 | M16: =IFERROR(VLOOKUP(Vaktplan!$A$41,Vaktplan!$BU$4:$CL$35,86-AH69,FALSE),0) -> 0 | N16: =IFERROR(VLOOKUP(Vaktplan!$A$41,Vaktplan!$BU$4:$CL$35,89-$AI69,FALSE),0) -> 0 | O16: =IF(AND(L16=0,M16=0),0,IF(L16<M16,((M16-L16)*24)-N16,(((1-L16)+M16)*24)-N16)) -> 0 | P16: =IF(AND(M16=0,Q16=0),24,IF(M16=0,12+(Q16*24),IF(M16<Q16,((Q16-M16)*24),IF(Q16=0,(1-M16+0.5)*24,((1-M16)+Q16)*24)))) -> 24 | Q16: =IFERROR(VLOOKUP(Vaktplan!$A$41,Vaktplan!$BV$4:$CL$35,86-AJ69,FALSE),0) -> 0 | R16: =IFERROR(VLOOKUP(Vaktplan!$A$41,Vaktplan!$BV$4:$CL$35,86-AI69,FALSE),0) -> 0 | S16: =IFERROR(VLOOKUP(Vaktplan!$A$41,Vaktplan!$BV$4:$CL$35,89-$AJ69,FALSE),0) -> 0 | T16: =IF(AND(Q16=0,R16=0),0,IF(Q16<R16,((R16-Q16)*24)-S16,(((1-Q16)+R16)*24)-S16)) -> 0 | U16: =IF(AND(R16=0,V16=0),24,IF(R16=0,12+(V16*24),IF(R16<V16,((V16-R16)*24),IF(V16=0,(1-R16+0.5)*24,((1-R16)+V16)*24)))) -> 24 | V16: =IFERROR(VLOOKUP(Vaktplan!$A$41,Vaktplan!$BW$4:$CL$35,86-AK69,FALSE),0) -> 0 | W16: =IFERROR(VLOOKUP(Vaktplan!$A$41,Vaktplan!$BW$4:$CL$35,86-AJ69,FALSE),0) -> 0 | X16: =IFERROR(VLOOKUP(Vaktplan!$A$41,Vaktplan!$BW$4:$CL$35,89-$AK69,FALSE),0) -> 0 | Y16: =IF(AND(V16=0,W16=0),0,IF(V16<W16,((W16-V16)*24)-X16,(((1-V16)+W16)*24)-X16)) -> 0 | Z16: =IF(AND(W16=0,AA16=0),24,IF(W16=0,12+(AA16*24),IF(W16<AA16,((AA16-W16)*24),IF(AA16=0,(1-W16+0.5)*24,((1-W16)+AA16)*24)))) -> 24 | AA16: =IFERROR(VLOOKUP(Vaktplan!$A$41,Vaktplan!$BX$4:$CL$35,86-AL69,FALSE),0) -> 0 | AB16: =IFERROR(VLOOKUP(Vaktplan!$A$41,Vaktplan!$BX$4:$CL$35,86-AK69,FALSE),0) -> 0 | AC16: =IFERROR(VLOOKUP(Vaktplan!$A$41,Vaktplan!$BX$4:$CL$35,89-$AL69,FALSE),0) -> 0 | AD16: =IF(AND(AA16=0,AB16=0),0,IF(AA16<AB16,((AB16-AA16)*24)-AC16,(((1-AA16)+AB16)*24)-AC16)) -> 0 | AE16: =IF(AND(AB16=0,AF16=0),24,IF(AB16=0,12+(AF16*24),IF(AB16<AF16,((AF16-AB16)*24),IF(AF16=0,(1-AB16+0.5)*24,((1-AB16)+AF16)*24)))) -> 24 | AF16: =IFERROR(VLOOKUP(Vaktplan!$A$41,Vaktplan!$BY$4:$CL$35,86-AM69,FALSE),0) -> 0 | AG16: =IFERROR(VLOOKUP(Vaktplan!$A$41,Vaktplan!$BY$4:$CL$35,86-AL69,FALSE),0) -> 0 | AH16: =IFERROR(VLOOKUP(Vaktplan!$A$41,Vaktplan!$BY$4:$CL$35,89-$AM69,FALSE),0) -> 0 | AI16: =IF(AND(AF16=0,AG16=0),0,IF(AF16<AG16,((AG16-AF16)*24)-AH16,(((1-AF16)+AG16)*24)-AH16)) -> 0 | AJ16: =IF($M$1=AL38,IF(AND(AG16=0,B16=0),24,IF(AG16=0,12+($B$6*24),IF(AG16<$B$6,(($B$6-AG16)*24),IF($B$6=0,(1-AG16+1)*24,((1-AG16)+$B$6)*24)))),IF(AND(AG16=0,B17=0),24,IF(AG16=0,12+(B17*24),IF(AG16<B17,((B17-AG16)*24),IF(B17=0,(1-AG16+1)*24,((1-AG16)+B17)*24))))) -> 24 | AK16: =E16+J16+O16+T16+Y16+AD16+AI16 -> 0
A17: 12 | B17: =IFERROR(VLOOKUP(Vaktplan!$A$41,Vaktplan!$BZ$4:$CL$35,87-AH70,FALSE),0) -> 0 | C17: =IFERROR(VLOOKUP(Vaktplan!$A$41,Vaktplan!$BZ$4:$CL$35,87-AG70,FALSE),0) -> 0 | D17: =IFERROR(VLOOKUP(Vaktplan!$A$41,Vaktplan!$BZ$4:$CL$35,89-AG70,FALSE),0) -> 0 | E17: =IF(AND(B17=0,C17=0),0,IF(B17<C17,((C17-B17)*24)-D17,(((1-B17)+C17)*24)-D17)) -> 0 | F17: =IF(AND(C17=0,G17=0),24,IF(C17=0,12+(G17*24),IF(C17<G17,((G17-C17)*24),IF(G17=0,(1-C17+0.5)*24,((1-C17)+G17)*24)))) -> 24 | G17: =IFERROR(VLOOKUP(Vaktplan!$A$41,Vaktplan!$CA$4:$CL$35,86-AH70,FALSE),0) -> 0 | H17: =IFERROR(VLOOKUP(Vaktplan!$A$41,Vaktplan!$CA$4:$CL$35,86-AG70,FALSE),0) -> 0 | I17: =IFERROR(VLOOKUP(Vaktplan!$A$41,Vaktplan!$CA$4:$CL$35,89-$AH70,FALSE),0) -> 0 | J17: =IF(AND(G17=0,H17=0),0,IF(G17<H17,((H17-G17)*24)-I17,(((1-G17)+H17)*24)-I17)) -> 0 | K17: =IF(AND(H17=0,L17=0),24,IF(H17=0,12+(L17*24),IF(H17<L17,((L17-H17)*24),IF(L17=0,(1-H17+0.5)*24,((1-H17)+L17)*24)))) -> 24 | L17: =IFERROR(VLOOKUP(Vaktplan!$A$41,Vaktplan!$CB$4:$CL$35,86-AI70,FALSE),0) -> 0 | M17: =IFERROR(VLOOKUP(Vaktplan!$A$41,Vaktplan!$CB$4:$CL$35,86-AH70,FALSE),0) -> 0 | N17: =IFERROR(VLOOKUP(Vaktplan!$A$41,Vaktplan!$CB$4:$CL$35,89-$AI70,FALSE),0) -> 0 | O17: =IF(AND(L17=0,M17=0),0,IF(L17<M17,((M17-L17)*24)-N17,(((1-L17)+M17)*24)-N17)) -> 0 | P17: =IF(AND(M17=0,Q17=0),24,IF(M17=0,12+(Q17*24),IF(M17<Q17,((Q17-M17)*24),IF(Q17=0,(1-M17+0.5)*24,((1-M17)+Q17)*24)))) -> 24 | Q17: =IFERROR(VLOOKUP(Vaktplan!$A$41,Vaktplan!$CC$4:$CL$35,86-AJ70,FALSE),0) -> 0 | R17: =IFERROR(VLOOKUP(Vaktplan!$A$41,Vaktplan!$CC$4:$CL$35,86-AI70,FALSE),0) -> 0 | S17: =IFERROR(VLOOKUP(Vaktplan!$A$41,Vaktplan!$CC$4:$CL$35,89-$AJ70,FALSE),0) -> 0 | T17: =IF(AND(Q17=0,R17=0),0,IF(Q17<R17,((R17-Q17)*24)-S17,(((1-Q17)+R17)*24)-S17)) -> 0 | U17: =IF(AND(R17=0,V17=0),24,IF(R17=0,12+(V17*24),IF(R17<V17,((V17-R17)*24),IF(V17=0,(1-R17+0.5)*24,((1-R17)+V17)*24)))) -> 24 | V17: =IFERROR(VLOOKUP(Vaktplan!$A$41,Vaktplan!$CD$4:$CL$35,86-AK70,FALSE),0) -> 0 | W17: =IFERROR(VLOOKUP(Vaktplan!$A$41,Vaktplan!$CD$4:$CL$35,86-AJ70,FALSE),0) -> 0 | X17: =IFERROR(VLOOKUP(Vaktplan!$A$41,Vaktplan!$CD$4:$CL$35,89-$AK70,FALSE),0) -> 0 | Y17: =IF(AND(V17=0,W17=0),0,IF(V17<W17,((W17-V17)*24)-X17,(((1-V17)+W17)*24)-X17)) -> 0 | Z17: =IF(AND(W17=0,AA17=0),24,IF(W17=0,12+(AA17*24),IF(W17<AA17,((AA17-W17)*24),IF(AA17=0,(1-W17+0.5)*24,((1-W17)+AA17)*24)))) -> 24 | AA17: =IFERROR(VLOOKUP(Vaktplan!$A$41,Vaktplan!$CE$4:$CL$35,86-AL70,FALSE),0) -> 0 | AB17: =IFERROR(VLOOKUP(Vaktplan!$A$41,Vaktplan!$CE$4:$CL$35,86-AK70,FALSE),0) -> 0 | AC17: =IFERROR(VLOOKUP(Vaktplan!$A$41,Vaktplan!$CE$4:$FCE$35,89-$AL70,FALSE),0) -> 0 | AD17: =IF(AND(AA17=0,AB17=0),0,IF(AA17<AB17,((AB17-AA17)*24)-AC17,(((1-AA17)+AB17)*24)-AC17)) -> 0 | AE17: =IF(AND(AB17=0,AF17=0),24,IF(AB17=0,12+(AF17*24),IF(AB17<AF17,((AF17-AB17)*24),IF(AF17=0,(1-AB17+0.5)*24,((1-AB17)+AF17)*24)))) -> 24 | AF17: =IFERROR(VLOOKUP(Vaktplan!$A$41,Vaktplan!$CF$4:$CL$35,86-AM70,FALSE),0) -> 0 | AG17: =IFERROR(VLOOKUP(Vaktplan!$A$41,Vaktplan!$CF$4:$CL$35,86-AL70,FALSE),0) -> 0 | AH17: =IFERROR(VLOOKUP(Vaktplan!$A$41,Vaktplan!$CF$4:$CL$35,89-$AM70,FALSE),0) -> 0 | AI17: =IF(AND(AF17=0,AG17=0),0,IF(AF17<AG17,((AG17-AF17)*24)-AH17,(((1-AF17)+AG17)*24)-AH17)) -> 0 | AJ17: =IF($M$1=AL39,IF(AND(AG17=0,B17=0),24,IF(AG17=0,12+($B$6*24),IF(AG17<$B$6,(($B$6-AG17)*24),IF($B$6=0,(1-AG17+1)*24,((1-AG17)+$B$6)*24)))),IF(AND(AG17=0,B18=0),24,IF(AG17=0,12+(B18*24),IF(AG17<B18,((B18-AG17)*24),IF(B18=0,(1-AG17+1)*24,((1-AG17)+B18)*24))))) -> 24 | AK17: =E17+J17+O17+T17+Y17+AD17+AI17 -> 0
A19: Kommentar område
A26: Test 1
A27: Er turnusen i henhold til stillingsprosent og ukes satser? | AL27: Antall uker i turnus 1-8 dropdown & Hviletid utregning
A28: Stillingsprosent | E28: =E2 -> 1 | AL28: 1
A29: Ukes sats timer | E29: =E3 -> 0 | AG29: Celler brukt for koding | AL29: 2
A30: Ukentling beregning | AL30: 3
A31: Uke 1 | B31: Uke 2 | C31: Uke 3 | D31: Uke 4 | F31: Uke 5 | G31: Uke 6 | H31: Uke 7 | J31: Uke 8 | K31: Uke 9 | L31: Uke 10 | M31: Uke 11 | N31: Uke 12 | AG31: Ukedag dropdown | AL31: 4
A32: =AK6 -> 48 | B32: =AK7 -> 0 | C32: =AK8 -> 0 | D32: =AK9 -> 0 | F32: =AK10 -> 0 | G32: =AK11 -> 0 | H32: =AK12 -> 0 | J32: =AK13 -> 0 | K32: =AK14 -> 0 | L32: =AK15 -> 0 | M32: =AK16 -> 0 | N32: =AK17 -> 0 | T32: Uke | U32: Mandag/tirsdag | V32: Tirsdag/onsdag | W32: Onsdag/torsdag | X32: Torsdag/fredag | Y32: Fredag/lørdag | Z32: Lørdag/søndag | AG32: Mandag | AI32: 42177 | AL32: 5
A33: Gjennomsnittsberegning | T33: 1 | U33: =IF(AND(B6>0,G6>0),0,IF(AND(G6>0),0,F6+K6)) -> 0 | V33: =IF(AND(G6>0,L6>0),0,IF(AND(L6>0),0,K6+P6)) -> 0 | W33: =IF(AND(L6>0,Q6>0),0,IF(AND(Q6>0),0,P6+U6)) -> 0 | X33: =IF(AND(Q6>0,V6>0),0,IF(AND(V6>0),0,U6+Z6)) -> 0 | Y33: =IF(AND(V6>0,AA6>0),0,IF(AND(AA6>0),0,Z6+AE6)) -> 0 | Z33: =IF(AND(AA6>0,AF6>0),0,IF(AND(AF6>0),0,AE6+AJ6)) -> 45 | AG33: Tirsdag | AI33: 42178 | AL33: 6
A34: Utregning | C34: =(AK6+AK7+AK8+AK9+AK10+AK11+AK12+AK13+AK14+AK15+AK16+AK17)/M1 -> 12 | T34: 2 | U34: =IF(AND(B7>0,G7>0),0,IF(AND(G7>0),0,F7+K7)) -> 48 | V34: =IF(AND(G7>0,L7>0),0,IF(AND(L7>0),0,K7+P7)) -> 48 | W34: =IF(AND(L7>0,Q7>0),0,IF(AND(Q7>0),0,P7+U7)) -> 48 | X34: =IF(AND(Q7>0,V7>0),0,IF(AND(V7>0),0,U7+Z7)) -> 48 | Y34: =IF(AND(V7>0,AA7>0),0,IF(AND(AA7>0),0,Z7+AE7)) -> 48 | Z34: =IF(AND(AA7>0,AF7>0),0,IF(AND(AF7>0),0,AE7+AJ7)) -> 48 | AG34: Onsdag | AI34: 42179 | AL34: 7
T35: 3 | U35: =IF(AND(B8>0,G8>0),0,IF(AND(G8>0),0,F8+K8)) -> 48 | V35: =IF(AND(G8>0,L8>0),0,IF(AND(L8>0),0,K8+P8)) -> 48 | W35: =IF(AND(L8>0,Q8>0),0,IF(AND(Q8>0),0,P8+U8)) -> 48 | X35: =IF(AND(Q8>0,V8>0),0,IF(AND(V8>0),0,U8+Z8)) -> 48 | Y35: =IF(AND(V8>0,AA8>0),0,IF(AND(AA8>0),0,Z8+AE8)) -> 48 | Z35: =IF(AND(AA8>0,AF8>0),0,IF(AND(AF8>0),0,AE8+AJ8)) -> 48 | AG35: Torsdag | AI35: 42180 | AL35: 8
A36: Faktisk arbeidsprosent over 8 uker | T36: 4 | U36: =IF(AND(B9>0,G9>0),0,IF(AND(G9>0),0,F9+K9)) -> 48 | V36: =IF(AND(G9>0,L9>0),0,IF(AND(L9>0),0,K9+P9)) -> 48 | W36: =IF(AND(L9>0,Q9>0),0,IF(AND(Q9>0),0,P9+U9)) -> 48 | X36: =IF(AND(Q9>0,V9>0),0,IF(AND(V9>0),0,U9+Z9)) -> 48 | Y36: =IF(AND(V9>0,AA9>0),0,IF(AND(AA9>0),0,Z9+AE9)) -> 48 | Z36: =IF(AND(AA9>0,AF9>0),0,IF(AND(AF9>0),0,AE9+AJ9)) -> 48 | AG36: Fredag | AI36: 42181 | AL36: 9
A37: =C34/E3 -> #DIV/0! | T37: 5 | U37: =IF(AND(B10>0,G10>0),0,IF(AND(G10>0),0,F10+K10)) -> 48 | V37: =IF(AND(G10>0,L10>0),0,IF(AND(L10>0),0,K10+P10)) -> 48 | W37: =IF(AND(L10>0,Q10>0),0,IF(AND(Q10>0),0,P10+U10)) -> 48 | X37: =IF(AND(Q10>0,V10>0),0,IF(AND(V10>0),0,U10+Z10)) -> 48 | Y37: =IF(AND(V10>0,AA10>0),0,IF(AND(AA10>0),0,Z10+AE10)) -> 48 | Z37: =IF(AND(AA10>0,AF10>0),0,IF(AND(AF10>0),0,AE10+AJ10)) -> 48 | AG37: Lørdag | AI37: 42182 | AL37: 10
T38: 6 | U38: =IF(AND(B11>0,G11>0),0,IF(AND(G11>0),0,F11+K11)) -> 48 | V38: =IF(AND(G11>0,L11>0),0,IF(AND(L11>0),0,K11+P11)) -> 48 | W38: =IF(AND(L11>0,Q11>0),0,IF(AND(Q11>0),0,P11+U11)) -> 48 | X38: =IF(AND(Q11>0,V11>0),0,IF(AND(V11>0),0,U11+Z11)) -> 48 | Y38: =IF(AND(V11>0,AA11>0),0,IF(AND(AA11>0),0,Z11+AE11)) -> 48 | Z38: =IF(AND(AA11>0,AF11>0),0,IF(AND(AF11>0),0,AE11+AJ11)) -> 48 | AG38: Søndag | AI38: 42183 | AL38: 11
T39: 7 | U39: =IF(AND(B12>0,G12>0),0,IF(AND(G12>0),0,F12+K12)) -> 48 | V39: =IF(AND(G12>0,L12>0),0,IF(AND(L12>0),0,K12+P12)) -> 48 | W39: =IF(AND(L12>0,Q12>0),0,IF(AND(Q12>0),0,P12+U12)) -> 48 | X39: =IF(AND(Q12>0,V12>0),0,IF(AND(V12>0),0,U12+Z12)) -> 48 | Y39: =IF(AND(V12>0,AA12>0),0,IF(AND(AA12>0),0,Z12+AE12)) -> 48 | Z39: =IF(AND(AA12>0,AF12>0),0,IF(AND(AF12>0),0,AE12+AJ12)) -> 48 | AG39: =IF(E1=AG32,AI32,IF(E1=AG33,AI33,IF(E1=AG34,AI34,IF(E1=AG35,AI35,IF(E1=AG36,AI36,IF(E1=AG37,AI37,IF(E1=AG38,AI38,AI32))))))) -> 42177 | AL39: 12
A40: § 10-8. Daglig og ukentlig arbeidsfri | T40: 8 | U40: =IF(AND(B13>0,G13>0),0,IF(AND(G13>0),0,F13+K13)) -> 48 | V40: =IF(AND(G13>0,L13>0),0,IF(AND(L13>0),0,K13+P13)) -> 48 | W40: =IF(AND(L13>0,Q13>0),0,IF(AND(Q13>0),0,P13+U13)) -> 48 | X40: =IF(AND(Q13>0,V13>0),0,IF(AND(V13>0),0,U13+Z13)) -> 48 | Y40: =IF(AND(V13>0,AA13>0),0,IF(AND(AA13>0),0,Z13+AE13)) -> 48 | Z40: =IF(AND(AA13>0,AF13>0),0,IF(AND(AF13>0),0,AE13+AJ13)) -> 48
A41: Standard: sammenhengende 11t ila 24t og sammenhengende 35t ila 7 dager. | W41: =IF(AND(L14>0,Q14>0),0,IF(AND(Q14>0),0,P14+U14)) -> 48 | X41: =IF(AND(Q14>0,V14>0),0,IF(AND(V14>0),0,U14+Z14)) -> 48 | Y41: =IF(AND(V14>0,AA14>0),0,IF(AND(AA14>0),0,Z14+AE14)) -> 48 | Z41: =IF(AND(AA14>0,AF14>0),0,IF(AND(AF14>0),0,AE14+AJ14)) -> 48
A42: Avtale: Minst sammenhenge 8t ila 24t og sammenhenge 28t ila 7 dager. | O42: 0.29166667 | P42: 0.33333333 | Q42: =(P42-O42)*24 -> 1 | W42: =IF(AND(L15>0,Q15>0),0,IF(AND(Q15>0),0,P15+U15)) -> 48 | X42: =IF(AND(Q15>0,V15>0),0,IF(AND(V15>0),0,U15+Z15)) -> 48 | Y42: =IF(AND(V15>0,AA15>0),0,IF(AND(AA15>0),0,Z15+AE15)) -> 48 | Z42: =IF(AND(AA15>0,AF15>0),0,IF(AND(AF15>0),0,AE15+AJ15)) -> 48 | AG42: Uke sats timer dropdown | AL42: Ja/nei
W43: =IF(AND(L16>0,Q16>0),0,IF(AND(Q16>0),0,P16+U16)) -> 48 | X43: =IF(AND(Q16>0,V16>0),0,IF(AND(V16>0),0,U16+Z16)) -> 48 | Y43: =IF(AND(V16>0,AA16>0),0,IF(AND(AA16>0),0,Z16+AE16)) -> 48 | Z43: =IF(AND(AA16>0,AF16>0),0,IF(AND(AF16>0),0,AE16+AJ16)) -> 48 | AG43: 33.6 | AL43: Ja
A44: Daglig arbeidsfri | W44: =IF(AND(L17>0,Q17>0),0,IF(AND(Q17>0),0,P17+U17)) -> 48 | X44: =IF(AND(Q17>0,V17>0),0,IF(AND(V17>0),0,U17+Z17)) -> 48 | Y44: =IF(AND(V17>0,AA17>0),0,IF(AND(AA17>0),0,Z17+AE17)) -> 48 | Z44: =IF(AND(AA17>0,AF17>0),0,IF(AND(AF17>0),0,AE17+AJ17)) -> 48 | AG44: 35.5 | AL44: Nei
A45: 11 | B45: =COUNTIF($F$6:$F$13,"<" & A45)+COUNTIF($K$6:$K$13,"<" & A45)+COUNTIF($P$6:$P$13,"<" & A45)+COUNTIF($U$6:$U$13,"<" & A45)+COUNTIF($Z$6:$Z$13,"<" & A45)+COUNTIF($AE$6:$AE$13,"<" & A45)+COUNTIF($AJ$6:$AJ$13,"<" & A45) -> 0 | AG45: 37.5
A49: § 10-4. Alminnelig Arbeidstid | AB49: Notes
A50: Er turnus i henhold til Lov om arbeidstid §10-4? | AB50: Man kan ikke lage avtaler som er dårligere eller bryter tariff. Eller avtale vekk bestemmelser i tariff.
A51: Kommentarer fra designer
A52: Arbeidsgiver bestemmer hvilken time han ønsker å telle de 24 timene. Typisk er 00:00 | AB52: Lag hviletid test, eksempel 11t hviletid, utregning er 24t minus arbeidstimer den dagen
A53: Arbeidsgiver bestemmer hvilken dag han ønsker å telle de 7 dagene fra. Typisk er Mandag
A54: Testingen av §10-4 vil ikke fungere optimalt med Ledd (6) grunnet at timetellingen ikke er hele timer. Men maks timer er fortsatt 9t/24t og 38t/7dager
A56: § 10-5. Gjennomsnittsberegning av den alminnelige arbeidstid
A57: Er turnus i henhold til Lov om arbeidstid § 10-5?
A58: Kommentarer fra designer | AG58: Vlookup table Start
A59: Arbeidsgiver bestemmer hvilken time han ønsker å telle de 24 timene. Typisk er 00:00 | AG59: 0 | AH59: 1 | AI59: 2 | AJ59: 3 | AK59: 4 | AL59: 5 | AM59: 6
A60: Arbeidsgiver bestemmer hvilken dag han ønsker å telle de 7 dagene fra. Typisk er Mandag | AG60: 7 | AH60: 8 | AI60: 9 | AJ60: 10 | AK60: 11 | AL60: 12 | AM60: 13
AG61: 14 | AH61: 15 | AI61: 16 | AJ61: 17 | AK61: 18 | AL61: 19 | AM61: 20
A62: Utregninger | AG62: 21 | AH62: 22 | AI62: 23 | AJ62: 24 | AK62: 25 | AL62: 26 | AM62: 27
A63: For å regne korrekt, fyll inn i de grønne feltene de faktiske forholdene på turnusen du ønsker å teste. | AG63: 28 | AH63: 29 | AI63: 30 | AJ63: 31 | AK63: 32 | AL63: 33 | AM63: 34
A64: Default settinger er 9t og 40t respektivt under. Men dette må økes hvis punkt (2) er gjeldene. | AG64: 35 | AH64: 36 | AI64: 37 | AJ64: 38 | AK64: 39 | AL64: 40 | AM64: 41
AG65: 42 | AH65: 43 | AI65: 44 | AJ65: 45 | AK65: 46 | AL65: 47 | AM65: 48
A66: Timer tillatt i løpet av 24t | AG66: 49 | AH66: 50 | AI66: 51 | AJ66: 52 | AK66: 53 | AL66: 54 | AM66: 55
A67: 9 | B67: =COUNTIF($E$6:$E$13,">" & A67)+COUNTIF($J$6:$J$13,">" & A67)+COUNTIF($O$6:$O$13,">" & A67)+COUNTIF($T$6:$T$13,">" & A67)+COUNTIF($Y$6:$Y$13,">" & A67)+COUNTIF($AD$6:$AD$13,">" & A67)+COUNTIF($AI$6:$AI$13,">" & A67) -> 0 | C67: dager bryter | E67: Aktiver visning? | H67: ja | L67: Skriv JA for å vise hvilke punkter i turnusen som bryter med regel | AG67: 56 | AH67: 57 | AI67: 58 | AJ67: 59 | AK67: 60 | AL67: 61 | AM67: 62
AG68: 63 | AH68: 64 | AI68: 65 | AJ68: 66 | AK68: 67 | AL68: 68 | AM68: 69
A69: Timer tillatt iløpet av 7 dager | AG69: 70 | AH69: 71 | AI69: 72 | AJ69: 73 | AK69: 74 | AL69: 75 | AM69: 76
A70: 20 | B70: =COUNTIF($AK$6:$AK$13,">" & A70) -> 1 | C70: bryter | E70: Aktiver visning`? | H70: ja | AG70: 77 | AH70: 78 | AI70: 79 | AJ70: 80 | AK70: 81 | AL70: 82 | AM70: 83
AG71: 84 | AH71: 85 | AI71: 86 | AJ71: 87 | AK71: 88 | AL71: 89 | AM71: 90

Sheet Ansatt C
A1: Turnus start dag | E1: =Vaktplan!G38 -> mandag | H1: Antall uker i turnus 1-8 | M1: =Vaktplan!AJ42 -> 12
A2: Stillingsprosent | E2: =Vaktplan!AM42 -> 0
A3: Uke sats timer | E3: =Vaktplan!AQ42 -> 0 | F3: t/uke
A4: Uke | B4: =TEXT(AG39,"DDDD") -> Monday | G4: =TEXT($AG$39+1,"DDDD") -> Tuesday | L4: =TEXT($AG$39+2,"DDDD") -> Wednesday | Q4: =TEXT($AG$39+3,"DDDD") -> Thursday | V4: =TEXT($AG$39+4,"DDDD") -> Friday | AA4: =TEXT($AG$39+5,"DDDD") -> Saturday | AF4: =TEXT($AG$39+6,"DDDD") -> Sunday | AK4: Total ant. Timer
B5: Start | C5: slutt | D5: P | E5: Ant. Timer | F5: Hviletid | G5: Start | H5: slutt | I5: P | J5: Ant. Timer | K5: Hviletid | L5: Start | M5: slutt | N5: P | O5: Ant. Timer | P5: Hviletid | Q5: Start | R5: slutt | S5: P | T5: Ant. Timer | U5: Hviletid | V5: Start | W5: slutt | X5: P | Y5: Ant. Timer | Z5: Hviletid | AA5: Start | AB5: slutt | AC5: P | AD5: Ant. Timer | AE5: Hviletid | AF5: Start | AG5: slutt | AH5: P | AI5: Ant. Timer | AJ5: Hviletid
A6: =IF(M1>=1,1,0) -> 1 | B6: =IFERROR(VLOOKUP(Vaktplan!$A$42,Vaktplan!$A$4:$CL$35,87-AH59,FALSE),0) -> 0 | C6: =IFERROR(VLOOKUP(Vaktplan!$A$42,Vaktplan!$A$4:$CL$35,87-AG59,FALSE),0) -> 0 | D6: =IFERROR(VLOOKUP(Vaktplan!$A$42,Vaktplan!$A$4:$CL$35,89-AG59,FALSE),0) -> 0 | E6: =IF(AND(B6=0,C6=0),0,IF(B6<C6,((C6-B6)*24)-D6,(((1-B6)+C6)*24)-D6)) -> 0 | F6: =IF(AND(C6=0,G6=0),24,IF(C6=0,12+(G6*24),IF(C6<G6,((G6-C6)*24),IF(G6=0,(1-C6+0.5)*24,((1-C6)+G6)*24)))) -> 24 | G6: =IFERROR(VLOOKUP(Vaktplan!$A$42,Vaktplan!$B$4:$CL$35,86-AH59,FALSE),0) -> 0 | H6: =IFERROR(VLOOKUP(Vaktplan!$A$42,Vaktplan!$B$4:$CL$35,86-AG59,FALSE),0) -> 0 | I6: =IFERROR(VLOOKUP(Vaktplan!$A$42,Vaktplan!$B$4:$CL$35,89-$AH59,FALSE),0) -> 0 | J6: =IF(AND(G6=0,H6=0),0,IF(G6<H6,((H6-G6)*24)-I6,(((1-G6)+H6)*24)-I6)) -> 0 | K6: =IF(AND(H6=0,L6=0),24,IF(H6=0,12+(L6*24),IF(H6<L6,((L6-H6)*24),IF(L6=0,(1-H6+0.5)*24,((1-H6)+L6)*24)))) -> 24 | L6: =IFERROR(VLOOKUP(Vaktplan!$A$42,Vaktplan!$C$4:$CL$35,86-AI59,FALSE),0) -> 0 | M6: =IFERROR(VLOOKUP(Vaktplan!$A$42,Vaktplan!$C$4:$CL$35,86-AH59,FALSE),0) -> 0 | N6: =IFERROR(VLOOKUP(Vaktplan!$A$42,Vaktplan!$C$4:$CL$35,89-$AI59,FALSE),0) -> 0 | O6: =IF(AND(L6=0,M6=0),0,IF(L6<M6,((M6-L6)*24)-N6,(((1-L6)+M6)*24)-N6)) -> 0 | P6: =IF(AND(M6=0,Q6=0),24,IF(M6=0,12+(Q6*24),IF(M6<Q6,((Q6-M6)*24),IF(Q6=0,(1-M6+0.5)*24,((1-M6)+Q6)*24)))) -> 24 | Q6: =IFERROR(VLOOKUP(Vaktplan!$A$42,Vaktplan!$D$4:$CL$35,86-AJ59,FALSE),0) -> 0 | R6: =IFERROR(VLOOKUP(Vaktplan!$A$42,Vaktplan!$D$4:$CL$35,86-AI59,FALSE),0) -> 0 | S6: =IFERROR(VLOOKUP(Vaktplan!$A$42,Vaktplan!$D$4:$CL$35,89-$AJ59,FALSE),0) -> 0 | T6: =IF(AND(Q6=0,R6=0),0,IF(Q6<R6,((R6-Q6)*24)-S6,(((1-Q6)+R6)*24)-S6)) -> 0 | U6: =IF(AND(R6=0,V6=0),24,IF(R6=0,12+(V6*24),IF(R6<V6,((V6-R6)*24),IF(V6=0,(1-R6+0.5)*24,((1-R6)+V6)*24)))) -> 24 | V6: =IFERROR(VLOOKUP(Vaktplan!$A$42,Vaktplan!$E$4:$CL$35,86-AK59,FALSE),0) -> 0 | W6: =IFERROR(VLOOKUP(Vaktplan!$A$42,Vaktplan!$E$4:$CL$35,86-AJ59,FALSE),0) -> 0 | X6: =IFERROR(VLOOKUP(Vaktplan!$A$42,Vaktplan!$E$4:$CL$35,89-$AK59,FALSE),0) -> 0 | Y6: =IF(AND(V6=0,W6=0),0,IF(V6<W6,((W6-V6)*24)-X6,(((1-V6)+W6)*24)-X6)) -> 0 | Z6: =IF(AND(W6=0,AA6=0),24,IF(W6=0,12+(AA6*24),IF(W6<AA6,((AA6-W6)*24),IF(AA6=0,(1-W6+0.5)*24,((1-W6)+AA6)*24)))) -> 24 | AA6: =IFERROR(VLOOKUP(Vaktplan!$A$42,Vaktplan!$F$4:$CL$35,86-AL59,FALSE),0) -> 0 | AB6: =IFERROR(VLOOKUP(Vaktplan!$A$42,Vaktplan!$F$4:$CL$35,86-AK59,FALSE),0) -> 0 | AC6: =IFERROR(VLOOKUP(Vaktplan!$A$42,Vaktplan!$F$4:$CL$35,89-$AL59,FALSE),0) -> 0 | AD6: =IF(AND(AA6=0,AB6=0),0,IF(AA6<AB6,((AB6-AA6)*24)-AC6,(((1-AA6)+AB6)*24)-AC6)) -> 0 | AE6: =IF(AND(AB6=0,AF6=0),24,IF(AB6=0,12+(AF6*24),IF(AB6<AF6,((AF6-AB6)*24),IF(AF6=0,(1-AB6+0.5)*24,((1-AB6)+AF6)*24)))) -> 24 | AF6: =IFERROR(VLOOKUP(Vaktplan!$A$42,Vaktplan!$G$4:$CL$35,86-AM59,FALSE),0) -> 0 | AG6: =IFERROR(VLOOKUP(Vaktplan!$A$42,Vaktplan!$G$4:$CL$35,86-AL59,FALSE),0) -> 0 | AH6: =IFERROR(VLOOKUP(Vaktplan!$A$42,Vaktplan!$G$4:$CL$35,89-$AM59,FALSE),0) -> 0 | AI6: =IF(AND(AF6=0,AG6=0),0,IF(AF6<AG6,((AG6-AF6)*24)-AH6,(((1-AF6)+AG6)*24)-AH6)) -> 0 | AJ6: =IF($M$1=AL28,IF(AND(AG6=0,B6=0),24,IF(AG6=0,12+($B$6*24),IF(AG6<$B$6,(($B$6-AG6)*24),IF($B$6=0,(1-AG6+1)*24,((1-AG6)+$B$6)*24)))),IF(AND(AG6=0,B7=0),24,IF(AG6=0,12+(B7*24),IF(AG6<B7,((B7-AG6)*24),IF(B7=0,(1-AG6+1)*24,((1-AG6)+B7)*24))))) -> 24 | AK6: =E6+J6+O6+T6+Y6+AD6+AI6 -> 0 | AL6: =AJ6 -> 24 | AM6: =AK6 -> 0
A7: =IF($M$1>=2,2,0) -> 2 | B7: =IFERROR(VLOOKUP(Vaktplan!$A$42,Vaktplan!$H$4:$CL$35,87-AH60,FALSE),0) -> 0 | C7: =IFERROR(VLOOKUP(Vaktplan!$A$42,Vaktplan!$H$4:$CL$35,87-AG60,FALSE),0) -> 0 | D7: =IFERROR(VLOOKUP(Vaktplan!$A$42,Vaktplan!$H$4:$CL$35,89-AG60,FALSE),0) -> 0 | E7: =IF(AND(B7=0,C7=0),0,IF(B7<C7,((C7-B7)*24)-D7,(((1-B7)+C7)*24)-D7)) -> 0 | F7: =IF(AND(C7=0,G7=0),24,IF(C7=0,12+(G7*24),IF(C7<G7,((G7-C7)*24),IF(G7=0,(1-C7+0.5)*24,((1-C7)+G7)*24)))) -> 24 | G7: =IFERROR(VLOOKUP(Vaktplan!$A$42,Vaktplan!$I$4:$CL$35,86-AH60,FALSE),0) -> 0 | H7: =IFERROR(VLOOKUP(Vaktplan!$A$42,Vaktplan!$I$4:$CL$35,86-AG60,FALSE),0) -> 0 | I7: =IFERROR(VLOOKUP(Vaktplan!$A$42,Vaktplan!$I$4:$CL$35,89-$AH60,FALSE),0) -> 0 | J7: =IF(AND(G7=0,H7=0),0,IF(G7<H7,((H7-G7)*24)-I7,(((1-G7)+H7)*24)-I7)) -> 0 | K7: =IF(AND(H7=0,L7=0),24,IF(H7=0,12+(L7*24),IF(H7<L7,((L7-H7)*24),IF(L7=0,(1-H7+0.5)*24,((1-H7)+L7)*24)))) -> 24 | L7: =IFERROR(VLOOKUP(Vaktplan!$A$42,Vaktplan!$J$4:$CL$35,86-AI60,FALSE),0) -> 0 | M7: =IFERROR(VLOOKUP(Vaktplan!$A$42,Vaktplan!$J$4:$CL$35,86-AH60,FALSE),0) -> 0 | N7: =IFERROR(VLOOKUP(Vaktplan!$A$42,Vaktplan!$J$4:$CL$35,89-$AI60,FALSE),0) -> 0 | O7: =IF(AND(L7=0,M7=0),0,IF(L7<M7,((M7-L7)*24)-N7,(((1-L7)+M7)*24)-N7)) -> 0 | P7: =IF(AND(M7=0,Q7=0),24,IF(M7=0,12+(Q7*24),IF(M7<Q7,((Q7-M7)*24),IF(Q7=0,(1-M7+0.5)*24,((1-M7)+Q7)*24)))) -> 24 | Q7: =IFERROR(VLOOKUP(Vaktplan!$A$42,Vaktplan!$K$4:$CL$35,86-AJ60,FALSE),0) -> 0 | R7: =IFERROR(VLOOKUP(Vaktplan!$A$42,Vaktplan!$K$4:$CL$35,86-AI60,FALSE),0) -> 0 | S7: =IFERROR(VLOOKUP(Vaktplan!$A$42,Vaktplan!$K$4:$CL$35,89-$AJ60,FALSE),0) -> 0 | T7: =IF(AND(Q7=0,R7=0),0,IF(Q7<R7,((R7-Q7)*24)-S7,(((1-Q7)+R7)*24)-S7)) -> 0 | U7: =IF(AND(R7=0,V7=0),24,IF(R7=0,12+(V7*24),IF(R7<V7,((V7-R7)*24),IF(V7=0,(1-R7+0.5)*24,((1-R7)+V7)*24)))) -> 24 | V7: =IFERROR(VLOOKUP(Vaktplan!$A$42,Vaktplan!$L$4:$CL$35,86-AK60,FALSE),0) -> 0 | W7: =IFERROR(VLOOKUP(Vaktplan!$A$42,Vaktplan!$L$4:$CL$35,86-AJ60,FALSE),0) -> 0 | X7: =IFERROR(VLOOKUP(Vaktplan!$A$42,Vaktplan!$L$4:$CL$35,89-$AK60,FALSE),0) -> 0 | Y7: =IF(AND(V7=0,W7=0),0,IF(V7<W7,((W7-V7)*24)-X7,(((1-V7)+W7)*24)-X7)) -> 0 | Z7: =IF(AND(W7=0,AA7=0),24,IF(W7=0,12+(AA7*24),IF(W7<AA7,((AA7-W7)*24),IF(AA7=0,(1-W7+0.5)*24,((1-W7)+AA7)*24)))) -> 24 | AA7: =IFERROR(VLOOKUP(Vaktplan!$A$42,Vaktplan!$M$4:$CL$35,86-AL60,FALSE),0) -> 0 | AB7: =IFERROR(VLOOKUP(Vaktplan!$A$42,Vaktplan!$M$4:$CL$35,86-AK60,FALSE),0) -> 0 | AC7: =IFERROR(VLOOKUP(Vaktplan!$A$42,Vaktplan!$M$4:$CL$35,89-$AL60,FALSE),0) -> 0 | AD7: =IF(AND(AA7=0,AB7=0),0,IF(AA7<AB7,((AB7-AA7)*24)-AC7,(((1-AA7)+AB7)*24)-AC7)) -> 0 | AE7: =IF(AND(AB7=0,AF7=0),24,IF(AB7=0,12+(AF7*24),IF(AB7<AF7,((AF7-AB7)*24),IF(AF7=0,(1-AB7+0.5)*24,((1-AB7)+AF7)*24)))) -> 24 | AF7: =IFERROR(VLOOKUP(Vaktplan!$A$42,Vaktplan!$N$4:$CL$35,86-AM60,FALSE),0) -> 0 | AG7: =IFERROR(VLOOKUP(Vaktplan!$A$42,Vaktplan!$N$4:$CL$35,86-AL60,FALSE),0) -> 0 | AH7: =IFERROR(VLOOKUP(Vaktplan!$A$42,Vaktplan!$N$4:$CL$35,89-$AM60,FALSE),0) -> 0 | AI7: =IF(AND(AF7=0,AG7=0),0,IF(AF7<AG7,((AG7-AF7)*24)-AH7,(((1-AF7)+AG7)*24)-AH7)) -> 0 | AJ7: =IF($M$1=AL29,IF(AND(AG7=0,B7=0),24,IF(AG7=0,12+($B$6*24),IF(AG7<$B$6,(($B$6-AG7)*24),IF($B$6=0,(1-AG7+1)*24,((1-AG7)+$B$6)*24)))),IF(AND(AG7=0,B8=0),24,IF(AG7=0,12+(B8*24),IF(AG7<B8,((B8-AG7)*24),IF(B8=0,(1-AG7+1)*24,((1-AG7)+B8)*24))))) -> 24 | AK7: =E7+J7+O7+T7+Y7+AD7+AI7 -> 0 | AL7: =AJ7 -> 24 | AM7: =AK7 -> 0
A8: =IF($M$1>=3,3,0) -> 3 | B8: =IFERROR(VLOOKUP(Vaktplan!$A$42,Vaktplan!$O$4:$CL$35,87-AH61,FALSE),0) -> 0 | C8: =IFERROR(VLOOKUP(Vaktplan!$A$42,Vaktplan!$O$4:$CL$35,87-AG61,FALSE),0) -> 0 | D8: =IFERROR(VLOOKUP(Vaktplan!$A$42,Vaktplan!$O$4:$CL$35,89-AG61,FALSE),0) -> 0 | E8: =IF(AND(B8=0,C8=0),0,IF(B8<C8,((C8-B8)*24)-D8,(((1-B8)+C8)*24)-D8)) -> 0 | F8: =IF(AND(C8=0,G8=0),24,IF(C8=0,12+(G8*24),IF(C8<G8,((G8-C8)*24),IF(G8=0,(1-C8+0.5)*24,((1-C8)+G8)*24)))) -> 24 | G8: =IFERROR(VLOOKUP(Vaktplan!$A$42,Vaktplan!$P$4:$CL$35,86-AH61,FALSE),0) -> 0 | H8: =IFERROR(VLOOKUP(Vaktplan!$A$42,Vaktplan!$P$4:$CL$35,86-AG61,FALSE),0) -> 0 | I8: =IFERROR(VLOOKUP(Vaktplan!$A$42,Vaktplan!$P$4:$CL$35,89-$AH61,FALSE),0) -> 0 | J8: =IF(AND(G8=0,H8=0),0,IF(G8<H8,((H8-G8)*24)-I8,(((1-G8)+H8)*24)-I8)) -> 0 | K8: =IF(AND(H8=0,L8=0),24,IF(H8=0,12+(L8*24),IF(H8<L8,((L8-H8)*24),IF(L8=0,(1-H8+0.5)*24,((1-H8)+L8)*24)))) -> 24 | L8: =IFERROR(VLOOKUP(Vaktplan!$A$42,Vaktplan!$Q$4:$CL$35,86-AI61,FALSE),0) -> 0 | M8: =IFERROR(VLOOKUP(Vaktplan!$A$42,Vaktplan!$Q$4:$CL$35,86-AH61,FALSE),0) -> 0 | N8: =IFERROR(VLOOKUP(Vaktplan!$A$42,Vaktplan!$Q$4:$CL$35,89-$AI61,FALSE),0) -> 0 | O8: =IF(AND(L8=0,M8=0),0,IF(L8<M8,((M8-L8)*24)-N8,(((1-L8)+M8)*24)-N8)) -> 0 | P8: =IF(AND(M8=0,Q8=0),24,IF(M8=0,12+(Q8*24),IF(M8<Q8,((Q8-M8)*24),IF(Q8=0,(1-M8+0.5)*24,((1-M8)+Q8)*24)))) -> 24 | Q8: =IFERROR(VLOOKUP(Vaktplan!$A$42,Vaktplan!$R$4:$CL$35,86-AJ61,FALSE),0) -> 0 | R8: =IFERROR(VLOOKUP(Vaktplan!$A$42,Vaktplan!$R$4:$CL$35,86-AI61,FALSE),0) -> 0 | S8: =IFERROR(VLOOKUP(Vaktplan!$A$42,Vaktplan!$R$4:$CL$35,89-$AJ61,FALSE),0) -> 0 | T8: =IF(AND(Q8=0,R8=0),0,IF(Q8<R8,((R8-Q8)*24)-S8,(((1-Q8)+R8)*24)-S8)) -> 0 | U8: =IF(AND(R8=0,V8=0),24,IF(R8=0,12+(V8*24),IF(R8<V8,((V8-R8)*24),IF(V8=0,(1-R8+0.5)*24,((1-R8)+V8)*24)))) -> 24 | V8: =IFERROR(VLOOKUP(Vaktplan!$A$42,Vaktplan!$S$4:$CL$35,86-AK61,FALSE),0) -> 0 | W8: =IFERROR(VLOOKUP(Vaktplan!$A$42,Vaktplan!$S$4:$CL$35,86-AJ61,FALSE),0) -> 0 | X8: =IFERROR(VLOOKUP(Vaktplan!$A$42,Vaktplan!$S$4:$CL$35,89-$AK61,FALSE),0) -> 0 | Y8: =IF(AND(V8=0,W8=0),0,IF(V8<W8,((W8-V8)*24)-X8,(((1-V8)+W8)*24)-X8)) -> 0 | Z8: =IF(AND(W8=0,AA8=0),24,IF(W8=0,12+(AA8*24),IF(W8<AA8,((AA8-W8)*24),IF(AA8=0,(1-W8+0.5)*24,((1-W8)+AA8)*24)))) -> 24 | AA8: =IFERROR(VLOOKUP(Vaktplan!$A$42,Vaktplan!$T$4:$CL$35,86-AL61,FALSE),0) -> 0 | AB8: =IFERROR(VLOOKUP(Vaktplan!$A$42,Vaktplan!$T$4:$CL$35,86-AK61,FALSE),0) -> 0 | AC8: =IFERROR(VLOOKUP(Vaktplan!$A$42,Vaktplan!$T$4:$CL$35,89-$AL61,FALSE),0) -> 0 | AD8: =IF(AND(AA8=0,AB8=0),0,IF(AA8<AB8,((AB8-AA8)*24)-AC8,(((1-AA8)+AB8)*24)-AC8)) -> 0 | AE8: =IF(AND(AB8=0,AF8=0),24,IF(AB8=0,12+(AF8*24),IF(AB8<AF8,((AF8-AB8)*24),IF(AF8=0,(1-AB8+0.5)*24,((1-AB8)+AF8)*24)))) -> 24 | AF8: =IFERROR(VLOOKUP(Vaktplan!$A$42,Vaktplan!$U$4:$CL$35,86-AM61,FALSE),0) -> 0 | AG8: =IFERROR(VLOOKUP(Vaktplan!$A$42,Vaktplan!$U$4:$CL$35,86-AL61,FALSE),0) -> 0 | AH8: =IFERROR(VLOOKUP(Vaktplan!$A$42,Vaktplan!$U$4:$CL$35,89-$AM61,FALSE),0) -> 0 | AI8: =IF(AND(AF8=0,AG8=0),0,IF(AF8<AG8,((AG8-AF8)*24)-AH8,(((1-AF8)+AG8)*24)-AH8)) -> 0 | AJ8: =IF($M$1=AL30,IF(AND(AG8=0,B8=0),24,IF(AG8=0,12+($B$6*24),IF(AG8<$B$6,(($B$6-AG8)*24),IF($B$6=0,(1-AG8+1)*24,((1-AG8)+$B$6)*24)))),IF(AND(AG8=0,B9=0),24,IF(AG8=0,12+(B9*24),IF(AG8<B9,((B9-AG8)*24),IF(B9=0,(1-AG8+1)*24,((1-AG8)+B9)*24))))) -> 24 | AK8: =E8+J8+O8+T8+Y8+AD8+AI8 -> 0 | AL8: =AJ8 -> 24 | AM8: =AK8 -> 0
A9: =IF($M$1>=4,4,0) -> 4 | B9: =IFERROR(VLOOKUP(Vaktplan!$A$42,Vaktplan!$V$4:$CL$35,87-AH62,FALSE),0) -> 0 | C9: =IFERROR(VLOOKUP(Vaktplan!$A$42,Vaktplan!$V$4:$CL$35,87-AG62,FALSE),0) -> 0 | D9: =IFERROR(VLOOKUP(Vaktplan!$A$42,Vaktplan!$V$4:$CL$35,89-AG62,FALSE),0) -> 0 | E9: =IF(AND(B9=0,C9=0),0,IF(B9<C9,((C9-B9)*24)-D9,(((1-B9)+C9)*24)-D9)) -> 0 | F9: =IF(AND(C9=0,G9=0),24,IF(C9=0,12+(G9*24),IF(C9<G9,((G9-C9)*24),IF(G9=0,(1-C9+0.5)*24,((1-C9)+G9)*24)))) -> 24 | G9: =IFERROR(VLOOKUP(Vaktplan!$A$42,Vaktplan!$W$4:$CL$35,86-AH62,FALSE),0) -> 0 | H9: =IFERROR(VLOOKUP(Vaktplan!$A$42,Vaktplan!$W$4:$CL$35,86-AG62,FALSE),0) -> 0 | I9: =IFERROR(VLOOKUP(Vaktplan!$A$42,Vaktplan!$W$4:$CL$35,89-$AH62,FALSE),0) -> 0 | J9: =IF(AND(G9=0,H9=0),0,IF(G9<H9,((H9-G9)*24)-I9,(((1-G9)+H9)*24)-I9)) -> 0 | K9: =IF(AND(H9=0,L9=0),24,IF(H9=0,12+(L9*24),IF(H9<L9,((L9-H9)*24),IF(L9=0,(1-H9+0.5)*24,((1-H9)+L9)*24)))) -> 24 | L9: =IFERROR(VLOOKUP(Vaktplan!$A$42,Vaktplan!$X$4:$CL$35,86-AI62,FALSE),0) -> 0 | M9: =IFERROR(VLOOKUP(Vaktplan!$A$42,Vaktplan!$X$4:$CL$35,86-AH62,FALSE),0) -> 0 | N9: =IFERROR(VLOOKUP(Vaktplan!$A$42,Vaktplan!$X$4:$CL$35,89-$AI62,FALSE),0) -> 0 | O9: =IF(AND(L9=0,M9=0),0,IF(L9<M9,((M9-L9)*24)-N9,(((1-L9)+M9)*24)-N9)) -> 0 | P9: =IF(AND(M9=0,Q9=0),24,IF(M9=0,12+(Q9*24),IF(M9<Q9,((Q9-M9)*24),IF(Q9=0,(1-M9+0.5)*24,((1-M9)+Q9)*24)))) -> 24 | Q9: =IFERROR(VLOOKUP(Vaktplan!$A$42,Vaktplan!$Y$4:$CL$35,86-AJ62,FALSE),0) -> 0 | R9: =IFERROR(VLOOKUP(Vaktplan!$A$42,Vaktplan!$Y$4:$CL$35,86-AI62,FALSE),0) -> 0 | S9: =IFERROR(VLOOKUP(Vaktplan!$A$42,Vaktplan!$Y$4:$CL$35,89-$AJ62,FALSE),0) -> 0 | T9: =IF(AND(Q9=0,R9=0),0,IF(Q9<R9,((R9-Q9)*24)-S9,(((1-Q9)+R9)*24)-S9)) -> 0 | U9: =IF(AND(R9=0,V9=0),24,IF(R9=0,12+(V9*24),IF(R9<V9,((V9-R9)*24),IF(V9=0,(1-R9+0.5)*24,((1-R9)+V9)*24)))) -> 24 | V9: =IFERROR(VLOOKUP(Vaktplan!$A$42,Vaktplan!$Z$4:$CL$35,86-AK62,FALSE),0) -> 0 | W9: =IFERROR(VLOOKUP(Vaktplan!$A$42,Vaktplan!$Z$4:$CL$35,86-AJ62,FALSE),0) -> 0 | X9: =IFERROR(VLOOKUP(Vaktplan!$A$42,Vaktplan!$Z$4:$CL$35,89-$AK62,FALSE),0) -> 0 | Y9: =IF(AND(V9=0,W9=0),0,IF(V9<W9,((W9-V9)*24)-X9,(((1-V9)+W9)*24)-X9)) -> 0 | Z9: =IF(AND(W9=0,AA9=0),24,IF(W9=0,12+(AA9*24),IF(W9<AA9,((AA9-W9)*24),IF(AA9=0,(1-W9+0.5)*24,((1-W9)+AA9)*24)))) -> 24 | AA9: =IFERROR(VLOOKUP(Vaktplan!$A$42,Vaktplan!$AA$4:$CL$35,86-AL62,FALSE),0) -> 0 | AB9: =IFERROR(VLOOKUP(Vaktplan!$A$42,Vaktplan!$AA$4:$CL$35,86-AK62,FALSE),0) -> 0 | AC9: =IFERROR(VLOOKUP(Vaktplan!$A$42,Vaktplan!$AA$4:$CL$35,89-$AL62,FALSE),0) -> 0 | AD9: =IF(AND(AA9=0,AB9=0),0,IF(AA9<AB9,((AB9-AA9)*24)-AC9,(((1-AA9)+AB9)*24)-AC9)) -> 0 | AE9: =IF(AND(AB9=0,AF9=0),24,IF(AB9=0,12+(AF9*24),IF(AB9<AF9,((AF9-AB9)*24),IF(AF9=0,(1-AB9+0.5)*24,((1-AB9)+AF9)*24)))) -> 24 | AF9: =IFERROR(VLOOKUP(Vaktplan!$A$42,Vaktplan!$AB$4:$CL$35,86-AM62,FALSE),0) -> 0 | AG9: =IFERROR(VLOOKUP(Vaktplan!$A$42,Vaktplan!$AB$4:$CL$35,86-AL62,FALSE),0) -> 0 | AH9: =IFERROR(VLOOKUP(Vaktplan!$A$42,Vaktplan!$AB$4:$CL$35,89-$AM62,FALSE),0) -> 0 | AI9: =IF(AND(AF9=0,AG9=0),0,IF(AF9<AG9,((AG9-AF9)*24)-AH9,(((1-AF9)+AG9)*24)-AH9)) -> 0 | AJ9: =IF($M$1=AL31,IF(AND(AG9=0,B9=0),24,IF(AG9=0,12+($B$6*24),IF(AG9<$B$6,(($B$6-AG9)*24),IF($B$6=0,(1-AG9+1)*24,((1-AG9)+$B$6)*24)))),IF(AND(AG9=0,B10=0),24,IF(AG9=0,12+(B10*24),IF(AG9<B10,((B10-AG9)*24),IF(B10=0,(1-AG9+1)*24,((1-AG9)+B10)*24))))) -> 24 | AK9: =E9+J9+O9+T9+Y9+AD9+AI9 -> 0 | AL9: =AJ9 -> 24 | AM9: =AK9 -> 0
A10: =IF($M$1>=5,5,0) -> 5 | B10: =IFERROR(VLOOKUP(Vaktplan!$A$42,Vaktplan!$AC$4:$CL$35,87-AH63,FALSE),0) -> 0 | C10: =IFERROR(VLOOKUP(Vaktplan!$A$42,Vaktplan!$AC$4:$CL$35,87-AG63,FALSE),0) -> 0 | D10: =IFERROR(VLOOKUP(Vaktplan!$A$42,Vaktplan!$AC$4:$CL$35,89-AG63,FALSE),0) -> 0 | E10: =IF(AND(B10=0,C10=0),0,IF(B10<C10,((C10-B10)*24)-D10,(((1-B10)+C10)*24)-D10)) -> 0 | F10: =IF(AND(C10=0,G10=0),24,IF(C10=0,12+(G10*24),IF(C10<G10,((G10-C10)*24),IF(G10=0,(1-C10+0.5)*24,((1-C10)+G10)*24)))) -> 24 | G10: =IFERROR(VLOOKUP(Vaktplan!$A$42,Vaktplan!$AD$4:$CL$35,86-AH63,FALSE),0) -> 0 | H10: =IFERROR(VLOOKUP(Vaktplan!$A$42,Vaktplan!$AD$4:$CL$35,86-AG63,FALSE),0) -> 0 | I10: =IFERROR(VLOOKUP(Vaktplan!$A$42,Vaktplan!$AD$4:$CL$35,89-$AH63,FALSE),0) -> 0 | J10: =IF(AND(G10=0,H10=0),0,IF(G10<H10,((H10-G10)*24)-I10,(((1-G10)+H10)*24)-I10)) -> 0 | K10: =IF(AND(H10=0,L10=0),24,IF(H10=0,12+(L10*24),IF(H10<L10,((L10-H10)*24),IF(L10=0,(1-H10+0.5)*24,((1-H10)+L10)*24)))) -> 24 | L10: =IFERROR(VLOOKUP(Vaktplan!$A$42,Vaktplan!$AE$4:$CL$35,86-AI63,FALSE),0) -> 0 | M10: =IFERROR(VLOOKUP(Vaktplan!$A$42,Vaktplan!$AE$4:$CL$35,86-AH63,FALSE),0) -> 0 | N10: =IFERROR(VLOOKUP(Vaktplan!$A$42,Vaktplan!$AE$4:$CL$35,89-$AI63,FALSE),0) -> 0 | O10: =IF(AND(L10=0,M10=0),0,IF(L10<M10,((M10-L10)*24)-N10,(((1-L10)+M10)*24)-N10)) -> 0 | P10: =IF(AND(M10=0,Q10=0),24,IF(M10=0,12+(Q10*24),IF(M10<Q10,((Q10-M10)*24),IF(Q10=0,(1-M10+0.5)*24,((1-M10)+Q10)*24)))) -> 24 | Q10: =IFERROR(VLOOKUP(Vaktplan!$A$42,Vaktplan!$AF$4:$CL$35,86-AJ63,FALSE),0) -> 0 | R10: =IFERROR(VLOOKUP(Vaktplan!$A$42,Vaktplan!$AF$4:$CL$35,86-AI63,FALSE),0) -> 0 | S10: =IFERROR(VLOOKUP(Vaktplan!$A$42,Vaktplan!$AF$4:$CL$35,89-$AJ63,FALSE),0) -> 0 | T10: =IF(AND(Q10=0,R10=0),0,IF(Q10<R10,((R10-Q10)*24)-S10,(((1-Q10)+R10)*24)-S10)) -> 0 | U10: =IF(AND(R10=0,V10=0),24,IF(R10=0,12+(V10*24),IF(R10<V10,((V10-R10)*24),IF(V10=0,(1-R10+0.5)*24,((1-R10)+V10)*24)))) -> 24 | V10: =IFERROR(VLOOKUP(Vaktplan!$A$42,Vaktplan!$AG$4:$CL$35,86-AK63,FALSE),0) -> 0 | W10: =IFERROR(VLOOKUP(Vaktplan!$A$42,Vaktplan!$AG$4:$CL$35,86-AJ63,FALSE),0) -> 0 | X10: =IFERROR(VLOOKUP(Vaktplan!$A$42,Vaktplan!$AG$4:$CL$35,89-$AK63,FALSE),0) -> 0 | Y10: =IF(AND(V10=0,W10=0),0,IF(V10<W10,((W10-V10)*24)-X10,(((1-V10)+W10)*24)-X10)) -> 0 | Z10: =IF(AND(W10=0,AA10=0),24,IF(W10=0,12+(AA10*24),IF(W10<AA10,((AA10-W10)*24),IF(AA10=0,(1-W10+0.5)*24,((1-W10)+AA10)*24)))) -> 24 | AA10: =IFERROR(VLOOKUP(Vaktplan!$A$42,Vaktplan!$AH$4:$CL$35,86-AL63,FALSE),0) -> 0 | AB10: =IFERROR(VLOOKUP(Vaktplan!$A$42,Vaktplan!$AH$4:$CL$35,86-AK63,FALSE),0) -> 0 | AC10: =IFERROR(VLOOKUP(Vaktplan!$A$42,Vaktplan!$AH$4:$CL$35,89-$AL63,FALSE),0) -> 0 | AD10: =IF(AND(AA10=0,AB10=0),0,IF(AA10<AB10,((AB10-AA10)*24)-AC10,(((1-AA10)+AB10)*24)-AC10)) -> 0 | AE10: =IF(AND(AB10=0,AF10=0),24,IF(AB10=0,12+(AF10*24),IF(AB10<AF10,((AF10-AB10)*24),IF(AF10=0,(1-AB10+0.5)*24,((1-AB10)+AF10)*24)))) -> 24 | AF10: =IFERROR(VLOOKUP(Vaktplan!$A$42,Vaktplan!$AI$4:$CL$35,86-AM63,FALSE),0) -> 0 | AG10: =IFERROR(VLOOKUP(Vaktplan!$A$42,Vaktplan!$AI$4:$CL$35,86-AL63,FALSE),0) -> 0 | AH10: =IFERROR(VLOOKUP(Vaktplan!$A$42,Vaktplan!$AI$4:$CL$35,89-$AM63,FALSE),0) -> 0 | AI10: =IF(AND(AF10=0,AG10=0),0,IF(AF10<AG10,((AG10-AF10)*24)-AH10,(((1-AF10)+AG10)*24)-AH10)) -> 0 | AJ10: =IF($M$1=AL32,IF(AND(AG10=0,B10=0),24,IF(AG10=0,12+($B$6*24),IF(AG10<$B$6,(($B$6-AG10)*24),IF($B$6=0,(1-AG10+1)*24,((1-AG10)+$B$6)*24)))),IF(AND(AG10=0,B11=0),24,IF(AG10=0,12+(B11*24),IF(AG10<B11,((B11-AG10)*24),IF(B11=0,(1-AG10+1)*24,((1-AG10)+B11)*24))))) -> 24 | AK10: =E10+J10+O10+T10+Y10+AD10+AI10 -> 0 | AL10: =AJ10 -> 24 | AM10: =AK10 -> 0
A11: =IF($M$1>=6,6,0) -> 6 | B11: =IFERROR(VLOOKUP(Vaktplan!$A$42,Vaktplan!$AJ$4:$CL$35,87-AH64,FALSE),0) -> 0 | C11: =IFERROR(VLOOKUP(Vaktplan!$A$42,Vaktplan!$AJ$4:$CL$35,87-AG64,FALSE),0) -> 0 | D11: =IFERROR(VLOOKUP(Vaktplan!$A$42,Vaktplan!$AJ$4:$CL$35,89-AG64,FALSE),0) -> 0 | E11: =IF(AND(B11=0,C11=0),0,IF(B11<C11,((C11-B11)*24)-D11,(((1-B11)+C11)*24)-D11)) -> 0 | F11: =IF(AND(C11=0,G11=0),24,IF(C11=0,12+(G11*24),IF(C11<G11,((G11-C11)*24),IF(G11=0,(1-C11+0.5)*24,((1-C11)+G11)*24)))) -> 24 | G11: =IFERROR(VLOOKUP(Vaktplan!$A$42,Vaktplan!$AK$4:$CL$35,86-AH64,FALSE),0) -> 0 | H11: =IFERROR(VLOOKUP(Vaktplan!$A$42,Vaktplan!$AK$4:$CL$35,86-AG64,FALSE),0) -> 0 | I11: =IFERROR(VLOOKUP(Vaktplan!$A$42,Vaktplan!$AK$4:$CL$35,89-$AH64,FALSE),0) -> 0 | J11: =IF(AND(G11=0,H11=0),0,IF(G11<H11,((H11-G11)*24)-I11,(((1-G11)+H11)*24)-I11)) -> 0 | K11: =IF(AND(H11=0,L11=0),24,IF(H11=0,12+(L11*24),IF(H11<L11,((L11-H11)*24),IF(L11=0,(1-H11+0.5)*24,((1-H11)+L11)*24)))) -> 24 | L11: =IFERROR(VLOOKUP(Vaktplan!$A$42,Vaktplan!$AL$4:$CL$35,86-AI64,FALSE),0) -> 0 | M11: =IFERROR(VLOOKUP(Vaktplan!$A$42,Vaktplan!$AL$4:$CL$35,86-AH64,FALSE),0) -> 0 | N11: =IFERROR(VLOOKUP(Vaktplan!$A$42,Vaktplan!$AL$4:$CL$35,89-$AI64,FALSE),0) -> 0 | O11: =IF(AND(L11=0,M11=0),0,IF(L11<M11,((M11-L11)*24)-N11,(((1-L11)+M11)*24)-N11)) -> 0 | P11: =IF(AND(M11=0,Q11=0),24,IF(M11=0,12+(Q11*24),IF(M11<Q11,((Q11-M11)*24),IF(Q11=0,(1-M11+0.5)*24,((1-M11)+Q11)*24)))) -> 24 | Q11: =IFERROR(VLOOKUP(Vaktplan!$A$42,Vaktplan!$AM$4:$CL$35,86-AJ64,FALSE),0) -> 0 | R11: =IFERROR(VLOOKUP(Vaktplan!$A$42,Vaktplan!$AM$4:$CL$35,86-AI64,FALSE),0) -> 0 | S11: =IFERROR(VLOOKUP(Vaktplan!$A$42,Vaktplan!$AM$4:$CL$35,89-$AJ64,FALSE),0) -> 0 | T11: =IF(AND(Q11=0,R11=0),0,IF(Q11<R11,((R11-Q11)*24)-S11,(((1-Q11)+R11)*24)-S11)) -> 0 | U11: =IF(AND(R11=0,V11=0),24,IF(R11=0,12+(V11*24),IF(R11<V11,((V11-R11)*24),IF(V11=0,(1-R11+0.5)*24,((1-R11)+V11)*24)))) -> 24 | V11: =IFERROR(VLOOKUP(Vaktplan!$A$42,Vaktplan!$AN$4:$CL$35,86-AK64,FALSE),0) -> 0 | W11: =IFERROR(VLOOKUP(Vaktplan!$A$42,Vaktplan!$AN$4:$CL$35,86-AJ64,FALSE),0) -> 0 | X11: =IFERROR(VLOOKUP(Vaktplan!$A$42,Vaktplan!$AN$4:$CL$35,89-$AK64,FALSE),0) -> 0 | Y11: =IF(AND(V11=0,W11=0),0,IF(V11<W11,((W11-V11)*24)-X11,(((1-V11)+W11)*24)-X11)) -> 0 | Z11: =IF(AND(W11=0,AA11=0),24,IF(W11=0,12+(AA11*24),IF(W11<AA11,((AA11-W11)*24),IF(AA11=0,(1-W11+0.5)*24,((1-W11)+AA11)*24)))) -> 24 | AA11: =IFERROR(VLOOKUP(Vaktplan!$A$42,Vaktplan!$AO$4:$CL$35,86-AL64,FALSE),0) -> 0 | AB11: =IFERROR(VLOOKUP(Vaktplan!$A$42,Vaktplan!$AO$4:$CL$35,86-AK64,FALSE),0) -> 0 | AC11: =IFERROR(VLOOKUP(Vaktplan!$A$42,Vaktplan!$AO$4:$CL$35,89-$AL64,FALSE),0) -> 0 | AD11: =IF(AND(AA11=0,AB11=0),0,IF(AA11<AB11,((AB11-AA11)*24)-AC11,(((1-AA11)+AB11)*24)-AC11)) -> 0 | AE11: =IF(AND(AB11=0,AF11=0),24,IF(AB11=0,12+(AF11*24),IF(AB11<AF11,((AF11-AB11)*24),IF(AF11=0,(1-AB11+0.5)*24,((1-AB11)+AF11)*24)))) -> 24 | AF11: =IFERROR(VLOOKUP(Vaktplan!$A$42,Vaktplan!$AP$4:$CL$35,86-AM64,FALSE),0) -> 0 | AG11: =IFERROR(VLOOKUP(Vaktplan!$A$42,Vaktplan!$AP$4:$CL$35,86-AL64,FALSE),0) -> 0 | AH11: =IFERROR(VLOOKUP(Vaktplan!$A$42,Vaktplan!$AP$4:$CL$35,89-$AM64,FALSE),0) -> 0 | AI11: =IF(AND(AF11=0,AG11=0),0,IF(AF11<AG11,((AG11-AF11)*24)-AH11,(((1-AF11)+AG11)*24)-AH11)) -> 0 | AJ11: =IF($M$1=AL33,IF(AND(AG11=0,B11=0),24,IF(AG11=0,12+($B$6*24),IF(AG11<$B$6,(($B$6-AG11)*24),IF($B$6=0,(1-AG11+1)*24,((1-AG11)+$B$6)*24)))),IF(AND(AG11=0,B12=0),24,IF(AG11=0,12+(B12*24),IF(AG11<B12,((B12-AG11)*24),IF(B12=0,(1-AG11+1)*24,((1-AG11)+B12)*24))))) -> 24 | AK11: =E11+J11+O11+T11+Y11+AD11+AI11 -> 0 | AL11: =AJ11 -> 24 | AM11: =AK11 -> 0
A12: =IF($M$1>=7,7,0) -> 7 | B12: =IFERROR(VLOOKUP(Vaktplan!$A$42,Vaktplan!$AQ$4:$CL$35,87-AH65,FALSE),0) -> 0 | C12: =IFERROR(VLOOKUP(Vaktplan!$A$42,Vaktplan!$AQ$4:$CL$35,87-AG65,FALSE),0) -> 0 | D12: =IFERROR(VLOOKUP(Vaktplan!$A$42,Vaktplan!$AQ$4:$CL$35,89-AG65,FALSE),0) -> 0 | E12: =IF(AND(B12=0,C12=0),0,IF(B12<C12,((C12-B12)*24)-D12,(((1-B12)+C12)*24)-D12)) -> 0 | F12: =IF(AND(C12=0,G12=0),24,IF(C12=0,12+(G12*24),IF(C12<G12,((G12-C12)*24),IF(G12=0,(1-C12+0.5)*24,((1-C12)+G12)*24)))) -> 24 | G12: =IFERROR(VLOOKUP(Vaktplan!$A$42,Vaktplan!$AR$4:$CL$35,86-AH65,FALSE),0) -> 0 | H12: =IFERROR(VLOOKUP(Vaktplan!$A$42,Vaktplan!$AR$4:$CL$35,86-AG65,FALSE),0) -> 0 | I12: =IFERROR(VLOOKUP(Vaktplan!$A$42,Vaktplan!$AR$4:$CL$35,89-$AH65,FALSE),0) -> 0 | J12: =IF(AND(G12=0,H12=0),0,IF(G12<H12,((H12-G12)*24)-I12,(((1-G12)+H12)*24)-I12)) -> 0 | K12: =IF(AND(H12=0,L12=0),24,IF(H12=0,12+(L12*24),IF(H12<L12,((L12-H12)*24),IF(L12=0,(1-H12+0.5)*24,((1-H12)+L12)*24)))) -> 24 | L12: =IFERROR(VLOOKUP(Vaktplan!$A$42,Vaktplan!$AS$4:$CL$35,86-AI65,FALSE),0) -> 0 | M12: =IFERROR(VLOOKUP(Vaktplan!$A$42,Vaktplan!$AS$4:$CL$35,86-AH65,FALSE),0) -> 0 | N12: =IFERROR(VLOOKUP(Vaktplan!$A$42,Vaktplan!$AS$4:$CL$35,89-$AI65,FALSE),0) -> 0 | O12: =IF(AND(L12=0,M12=0),0,IF(L12<M12,((M12-L12)*24)-N12,(((1-L12)+M12)*24)-N12)) -> 0 | P12: =IF(AND(M12=0,Q12=0),24,IF(M12=0,12+(Q12*24),IF(M12<Q12,((Q12-M12)*24),IF(Q12=0,(1-M12+0.5)*24,((1-M12)+Q12)*24)))) -> 24 | Q12: =IFERROR(VLOOKUP(Vaktplan!$A$42,Vaktplan!$AT$4:$CL$35,86-AJ65,FALSE),0) -> 0 | R12: =IFERROR(VLOOKUP(Vaktplan!$A$42,Vaktplan!$AT$4:$CL$35,86-AI65,FALSE),0) -> 0 | S12: =IFERROR(VLOOKUP(Vaktplan!$A$42,Vaktplan!$AT$4:$CL$35,89-$AJ65,FALSE),0) -> 0 | T12: =IF(AND(Q12=0,R12=0),0,IF(Q12<R12,((R12-Q12)*24)-S12,(((1-Q12)+R12)*24)-S12)) -> 0 | U12: =IF(AND(R12=0,V12=0),24,IF(R12=0,12+(V12*24),IF(R12<V12,((V12-R12)*24),IF(V12=0,(1-R12+0.5)*24,((1-R12)+V12)*24)))) -> 24 | V12: =IFERROR(VLOOKUP(Vaktplan!$A$42,Vaktplan!$AU$4:$CL$35,86-AK65,FALSE),0) -> 0 | W12: =IFERROR(VLOOKUP(Vaktplan!$A$42,Vaktplan!$AU$4:$CL$35,86-AJ65,FALSE),0) -> 0 | X12: =IFERROR(VLOOKUP(Vaktplan!$A$42,Vaktplan!$AU$4:$CL$35,89-$AK65,FALSE),0) -> 0 | Y12: =IF(AND(V12=0,W12=0),0,IF(V12<W12,((W12-V12)*24)-X12,(((1-V12)+W12)*24)-X12)) -> 0 | Z12: =IF(AND(W12=0,AA12=0),24,IF(W12=0,12+(AA12*24),IF(W12<AA12,((AA12-W12)*24),IF(AA12=0,(1-W12+0.5)*24,((1-W12)+AA12)*24)))) -> 24 | AA12: =IFERROR(VLOOKUP(Vaktplan!$A$42,Vaktplan!$AV$4:$CL$35,86-AL65,FALSE),0) -> 0 | AB12: =IFERROR(VLOOKUP(Vaktplan!$A$42,Vaktplan!$AV$4:$CL$35,86-AK65,FALSE),0) -> 0 | AC12: =IFERROR(VLOOKUP(Vaktplan!$A$42,Vaktplan!$AV$4:$CL$35,89-$AL65,FALSE),0) -> 0 | AD12: =IF(AND(AA12=0,AB12=0),0,IF(AA12<AB12,((AB12-AA12)*24)-AC12,(((1-AA12)+AB12)*24)-AC12)) -> 0 | AE12: =IF(AND(AB12=0,AF12=0),24,IF(AB12=0,12+(AF12*24),IF(AB12<AF12,((AF12-AB12)*24),IF(AF12=0,(1-AB12+0.5)*24,((1-AB12)+AF12)*24)))) -> 24 | AF12: =IFERROR(VLOOKUP(Vaktplan!$A$42,Vaktplan!$AW$4:$CL$35,86-AM65,FALSE),0) -> 0 | AG12: =IFERROR(VLOOKUP(Vaktplan!$A$42,Vaktplan!$AW$4:$CL$35,86-AL65,FALSE),0) -> 0 | AH12: =IFERROR(VLOOKUP(Vaktplan!$A$42,Vaktplan!$AW$4:$CL$35,89-$AM65,FALSE),0) -> 0 | AI12: =IF(AND(AF12=0,AG12=0),0,IF(AF12<AG12,((AG12-AF12)*24)-AH12,(((1-AF12)+AG12)*24)-AH12)) -> 0 | AJ12: =IF($M$1=AL34,IF(AND(AG12=0,B12=0),24,IF(AG12=0,12+($B$6*24),IF(AG12<$B$6,(($B$6-AG12)*24),IF($B$6=0,(1-AG12+1)*24,((1-AG12)+$B$6)*24)))),IF(AND(AG12=0,B13=0),24,IF(AG12=0,12+(B13*24),IF(AG12<B13,((B13-AG12)*24),IF(B13=0,(1-AG12+1)*24,((1-AG12)+B13)*24))))) -> 24 | AK12: =E12+J12+O12+T12+Y12+AD12+AI12 -> 0 | AL12: =AJ12 -> 24 | AM12: =AK12 -> 0
A13: =IF($M$1>=8,8,0) -> 8 | B13: =IFERROR(VLOOKUP(Vaktplan!$A$42,Vaktplan!$AX$4:$CL$35,87-AH66,FALSE),0) -> 0 | C13: =IFERROR(VLOOKUP(Vaktplan!$A$42,Vaktplan!$AX$4:$CL$35,87-AG66,FALSE),0) -> 0 | D13: =IFERROR(VLOOKUP(Vaktplan!$A$42,Vaktplan!$AX$4:$CL$35,89-AG66,FALSE),0) -> 0 | E13: =IF(AND(B13=0,C13=0),0,IF(B13<C13,((C13-B13)*24)-D13,(((1-B13)+C13)*24)-D13)) -> 0 | F13: =IF(AND(C13=0,G13=0),24,IF(C13=0,12+(G13*24),IF(C13<G13,((G13-C13)*24),IF(G13=0,(1-C13+0.5)*24,((1-C13)+G13)*24)))) -> 24 | G13: =IFERROR(VLOOKUP(Vaktplan!$A$42,Vaktplan!$AY$4:$CL$35,86-AH66,FALSE),0) -> 0 | H13: =IFERROR(VLOOKUP(Vaktplan!$A$42,Vaktplan!$AY$4:$CL$35,86-AG66,FALSE),0) -> 0 | I13: =IFERROR(VLOOKUP(Vaktplan!$A$42,Vaktplan!$AY$4:$CL$35,89-$AH66,FALSE),0) -> 0 | J13: =IF(AND(G13=0,H13=0),0,IF(G13<H13,((H13-G13)*24)-I13,(((1-G13)+H13)*24)-I13)) -> 0 | K13: =IF(AND(H13=0,L13=0),24,IF(H13=0,12+(L13*24),IF(H13<L13,((L13-H13)*24),IF(L13=0,(1-H13+0.5)*24,((1-H13)+L13)*24)))) -> 24 | L13: =IFERROR(VLOOKUP(Vaktplan!$A$42,Vaktplan!$AZ$4:$CL$35,86-AI66,FALSE),0) -> 0 | M13: =IFERROR(VLOOKUP(Vaktplan!$A$42,Vaktplan!$AZ$4:$CL$35,86-AH66,FALSE),0) -> 0 | N13: =IFERROR(VLOOKUP(Vaktplan!$A$42,Vaktplan!$AZ$4:$CL$35,89-$AI66,FALSE),0) -> 0 | O13: =IF(AND(L13=0,M13=0),0,IF(L13<M13,((M13-L13)*24)-N13,(((1-L13)+M13)*24)-N13)) -> 0 | P13: =IF(AND(M13=0,Q13=0),24,IF(M13=0,12+(Q13*24),IF(M13<Q13,((Q13-M13)*24),IF(Q13=0,(1-M13+0.5)*24,((1-M13)+Q13)*24)))) -> 24 | Q13: =IFERROR(VLOOKUP(Vaktplan!$A$42,Vaktplan!$BA$4:$CL$35,86-AJ66,FALSE),0) -> 0 | R13: =IFERROR(VLOOKUP(Vaktplan!$A$42,Vaktplan!$BA$4:$CL$35,86-AI66,FALSE),0) -> 0 | S13: =IFERROR(VLOOKUP(Vaktplan!$A$42,Vaktplan!$BA$4:$CL$35,89-$AJ66,FALSE),0) -> 0 | T13: =IF(AND(Q13=0,R13=0),0,IF(Q13<R13,((R13-Q13)*24)-S13,(((1-Q13)+R13)*24)-S13)) -> 0 | U13: =IF(AND(R13=0,V13=0),24,IF(R13=0,12+(V13*24),IF(R13<V13,((V13-R13)*24),IF(V13=0,(1-R13+0.5)*24,((1-R13)+V13)*24)))) -> 24 | V13: =IFERROR(VLOOKUP(Vaktplan!$A$42,Vaktplan!$BB$4:$CL$35,86-AK66,FALSE),0) -> 0 | W13: =IFERROR(VLOOKUP(Vaktplan!$A$42,Vaktplan!$BB$4:$CL$35,86-AJ66,FALSE),0) -> 0 | X13: =IFERROR(VLOOKUP(Vaktplan!$A$42,Vaktplan!$BB$4:$CL$35,89-$AK66,FALSE),0) -> 0 | Y13: =IF(AND(V13=0,W13=0),0,IF(V13<W13,((W13-V13)*24)-X13,(((1-V13)+W13)*24)-X13)) -> 0 | Z13: =IF(AND(W13=0,AA13=0),24,IF(W13=0,12+(AA13*24),IF(W13<AA13,((AA13-W13)*24),IF(AA13=0,(1-W13+0.5)*24,((1-W13)+AA13)*24)))) -> 24 | AA13: =IFERROR(VLOOKUP(Vaktplan!$A$42,Vaktplan!$BC$4:$CL$35,86-AL66,FALSE),0) -> 0 | AB13: =IFERROR(VLOOKUP(Vaktplan!$A$42,Vaktplan!$BC$4:$CL$35,86-AK66,FALSE),0) -> 0 | AC13: =IFERROR(VLOOKUP(Vaktplan!$A$42,Vaktplan!$BC$4:$CL$35,89-$AL66,FALSE),0) -> 0 | AD13: =IF(AND(AA13=0,AB13=0),0,IF(AA13<AB13,((AB13-AA13)*24)-AC13,(((1-AA13)+AB13)*24)-AC13)) -> 0 | AE13: =IF(AND(AB13=0,AF13=0),24,IF(AB13=0,12+(AF13*24),IF(AB13<AF13,((AF13-AB13)*24),IF(AF13=0,(1-AB13+0.5)*24,((1-AB13)+AF13)*24)))) -> 24 | AF13: =IFERROR(VLOOKUP(Vaktplan!$A$42,Vaktplan!$BD$4:$CL$35,86-AM66,FALSE),0) -> 0 | AG13: =IFERROR(VLOOKUP(Vaktplan!$A$42,Vaktplan!$BD$4:$CL$35,86-AL66,FALSE),0) -> 0 | AH13: =IFERROR(VLOOKUP(Vaktplan!$A$42,Vaktplan!$BD$4:$CL$35,89-$AM66,FALSE),0) -> 0 | AI13: =IF(AND(AF13=0,AG13=0),0,IF(AF13<AG13,((AG13-AF13)*24)-AH13,(((1-AF13)+AG13)*24)-AH13)) -> 0 | AJ13: =IF($M$1=AL35,IF(AND(AG13=0,B13=0),24,IF(AG13=0,12+($B$6*24),IF(AG13<$B$6,(($B$6-AG13)*24),IF($B$6=0,(1-AG13+1)*24,((1-AG13)+$B$6)*24)))),IF(AND(AG13=0,B14=0),24,IF(AG13=0,12+(B14*24),IF(AG13<B14,((B14-AG13)*24),IF(B14=0,(1-AG13+1)*24,((1-AG13)+B14)*24))))) -> 24 | AK13: =E13+J13+O13+T13+Y13+AD13+AI13 -> 0 | AL13: =AJ13 -> 24 | AM13: =AK13 -> 0
A14: 9 | B14: =IFERROR(VLOOKUP(Vaktplan!$A$42,Vaktplan!$BE$4:$CL$35,87-AH67,FALSE),0) -> 0 | C14: =IFERROR(VLOOKUP(Vaktplan!$A$42,Vaktplan!$BE$4:$CL$35,87-AG67,FALSE),0) -> 0 | D14: =IFERROR(VLOOKUP(Vaktplan!$A$42,Vaktplan!$BE$4:$CL$35,89-AG67,FALSE),0) -> 0 | E14: =IF(AND(B14=0,C14=0),0,IF(B14<C14,((C14-B14)*24)-D14,(((1-B14)+C14)*24)-D14)) -> 0 | F14: =IF(AND(C14=0,G14=0),24,IF(C14=0,12+(G14*24),IF(C14<G14,((G14-C14)*24),IF(G14=0,(1-C14+0.5)*24,((1-C14)+G14)*24)))) -> 24 | G14: =IFERROR(VLOOKUP(Vaktplan!$A$42,Vaktplan!$BF$4:$CL$35,86-AH67,FALSE),0) -> 0 | H14: =IFERROR(VLOOKUP(Vaktplan!$A$42,Vaktplan!$BF$4:$CL$35,86-AG67,FALSE),0) -> 0 | I14: =IFERROR(VLOOKUP(Vaktplan!$A$42,Vaktplan!$BF$4:$CL$35,89-$AH67,FALSE),0) -> 0 | J14: =IF(AND(G14=0,H14=0),0,IF(G14<H14,((H14-G14)*24)-I14,(((1-G14)+H14)*24)-I14)) -> 0 | K14: =IF(AND(H14=0,L14=0),24,IF(H14=0,12+(L14*24),IF(H14<L14,((L14-H14)*24),IF(L14=0,(1-H14+0.5)*24,((1-H14)+L14)*24)))) -> 24 | L14: =IFERROR(VLOOKUP(Vaktplan!$A$42,Vaktplan!$BG$4:$CL$35,86-AI67,FALSE),0) -> 0 | M14: =IFERROR(VLOOKUP(Vaktplan!$A$42,Vaktplan!$BG$4:$CL$35,86-AH67,FALSE),0) -> 0 | N14: =IFERROR(VLOOKUP(Vaktplan!$A$42,Vaktplan!$BG$4:$CL$35,89-$AI67,FALSE),0) -> 0 | O14: =IF(AND(L14=0,M14=0),0,IF(L14<M14,((M14-L14)*24)-N14,(((1-L14)+M14)*24)-N14)) -> 0 | P14: =IF(AND(M14=0,Q14=0),24,IF(M14=0,12+(Q14*24),IF(M14<Q14,((Q14-M14)*24),IF(Q14=0,(1-M14+0.5)*24,((1-M14)+Q14)*24)))) -> 24 | Q14: =IFERROR(VLOOKUP(Vaktplan!$A$42,Vaktplan!$BH$4:$CL$35,86-AJ67,FALSE),0) -> 0 | R14: =IFERROR(VLOOKUP(Vaktplan!$A$42,Vaktplan!$BH$4:$CL$35,86-AI67,FALSE),0) -> 0 | S14: =IFERROR(VLOOKUP(Vaktplan!$A$42,Vaktplan!$BH$4:$CL$35,89-$AJ67,FALSE),0) -> 0 | T14: =IF(AND(Q14=0,R14=0),0,IF(Q14<R14,((R14-Q14)*24)-S14,(((1-Q14)+R14)*24)-S14)) -> 0 | U14: =IF(AND(R14=0,V14=0),24,IF(R14=0,12+(V14*24),IF(R14<V14,((V14-R14)*24),IF(V14=0,(1-R14+0.5)*24,((1-R14)+V14)*24)))) -> 24 | V14: =IFERROR(VLOOKUP(Vaktplan!$A$42,Vaktplan!$BI$4:$CL$35,86-AK67,FALSE),0) -> 0 | W14: =IFERROR(VLOOKUP(Vaktplan!$A$42,Vaktplan!$BI$4:$CL$35,86-AJ67,FALSE),0) -> 0 | X14: =IFERROR(VLOOKUP(Vaktplan!$A$42,Vaktplan!$BI$4:$CL$35,89-$AK67,FALSE),0) -> 0 | Y14: =IF(AND(V14=0,W14=0),0,IF(V14<W14,((W14-V14)*24)-X14,(((1-V14)+W14)*24)-X14)) -> 0 | Z14: =IF(AND(W14=0,AA14=0),24,IF(W14=0,12+(AA14*24),IF(W14<AA14,((AA14-W14)*24),IF(AA14=0,(1-W14+0.5)*24,((1-W14)+AA14)*24)))) -> 24 | AA14: =IFERROR(VLOOKUP(Vaktplan!$A$42,Vaktplan!$BJ$4:$CL$35,86-AL67,FALSE),0) -> 0 | AB14: =IFERROR(VLOOKUP(Vaktplan!$A$42,Vaktplan!$BJ$4:$CL$35,86-AK67,FALSE),0) -> 0 | AC14: =IFERROR(VLOOKUP(Vaktplan!$A$42,Vaktplan!$BJ$4:$CL$35,89-$AL67,FALSE),0) -> 0 | AD14: =IF(AND(AA14=0,AB14=0),0,IF(AA14<AB14,((AB14-AA14)*24)-AC14,(((1-AA14)+AB14)*24)-AC14)) -> 0 | AE14: =IF(AND(AB14=0,AF14=0),24,IF(AB14=0,12+(AF14*24),IF(AB14<AF14,((AF14-AB14)*24),IF(AF14=0,(1-AB14+0.5)*24,((1-AB14)+AF14)*24)))) -> 24 | AF14: =IFERROR(VLOOKUP(Vaktplan!$A$42,Vaktplan!$BK$4:$CL$35,86-AM67,FALSE),0) -> 0 | AG14: =IFERROR(VLOOKUP(Vaktplan!$A$42,Vaktplan!$BK$4:$CL$35,86-AL67,FALSE),0) -> 0 | AH14: =IFERROR(VLOOKUP(Vaktplan!$A$42,Vaktplan!$BK$4:$CL$35,89-$AM67,FALSE),0) -> 0 | AI14: =IF(AND(AF14=0,AG14=0),0,IF(AF14<AG14,((AG14-AF14)*24)-AH14,(((1-AF14)+AG14)*24)-AH14)) -> 0 | AJ14: =IF($M$1=AL36,IF(AND(AG14=0,B14=0),24,IF(AG14=0,12+($B$6*24),IF(AG14<$B$6,(($B$6-AG14)*24),IF($B$6=0,(1-AG14+1)*24,((1-AG14)+$B$6)*24)))),IF(AND(AG14=0,B15=0),24,IF(AG14=0,12+(B15*24),IF(AG14<B15,((B15-AG14)*24),IF(B15=0,(1-AG14+1)*24,((1-AG14)+B15)*24))))) -> 24 | AK14: =E14+J14+O14+T14+Y14+AD14+AI14 -> 0
A15: 10 | B15: =IFERROR(VLOOKUP(Vaktplan!$A$42,Vaktplan!$BL$4:$CL$35,87-AH68,FALSE),0) -> 0 | C15: =IFERROR(VLOOKUP(Vaktplan!$A$42,Vaktplan!$BL$4:$CL$35,87-AG68,FALSE),0) -> 0 | D15: =IFERROR(VLOOKUP(Vaktplan!$A$42,Vaktplan!$BL$4:$CL$35,89-AG68,FALSE),0) -> 0 | E15: =IF(AND(B15=0,C15=0),0,IF(B15<C15,((C15-B15)*24)-D15,(((1-B15)+C15)*24)-D15)) -> 0 | F15: =IF(AND(C15=0,G15=0),24,IF(C15=0,12+(G15*24),IF(C15<G15,((G15-C15)*24),IF(G15=0,(1-C15+0.5)*24,((1-C15)+G15)*24)))) -> 24 | G15: =IFERROR(VLOOKUP(Vaktplan!$A$42,Vaktplan!$BM$4:$CL$35,86-AH68,FALSE),0) -> 0 | H15: =IFERROR(VLOOKUP(Vaktplan!$A$42,Vaktplan!$BM$4:$CL$35,86-AG68,FALSE),0) -> 0 | I15: =IFERROR(VLOOKUP(Vaktplan!$A$42,Vaktplan!$BM$4:$CL$35,89-$AH68,FALSE),0) -> 0 | J15: =IF(AND(G15=0,H15=0),0,IF(G15<H15,((H15-G15)*24)-I15,(((1-G15)+H15)*24)-I15)) -> 0 | K15: =IF(AND(H15=0,L15=0),24,IF(H15=0,12+(L15*24),IF(H15<L15,((L15-H15)*24),IF(L15=0,(1-H15+0.5)*24,((1-H15)+L15)*24)))) -> 24 | L15: =IFERROR(VLOOKUP(Vaktplan!$A$42,Vaktplan!$BN$4:$CL$35,86-AI68,FALSE),0) -> 0 | M15: =IFERROR(VLOOKUP(Vaktplan!$A$42,Vaktplan!$BN$4:$CL$35,86-AH68,FALSE),0) -> 0 | N15: =IFERROR(VLOOKUP(Vaktplan!$A$42,Vaktplan!$BN$4:$CL$35,89-$AI68,FALSE),0) -> 0 | O15: =IF(AND(L15=0,M15=0),0,IF(L15<M15,((M15-L15)*24)-N15,(((1-L15)+M15)*24)-N15)) -> 0 | P15: =IF(AND(M15=0,Q15=0),24,IF(M15=0,12+(Q15*24),IF(M15<Q15,((Q15-M15)*24),IF(Q15=0,(1-M15+0.5)*24,((1-M15)+Q15)*24)))) -> 24 | Q15: =IFERROR(VLOOKUP(Vaktplan!$A$42,Vaktplan!$BO$4:$CL$35,86-AJ68,FALSE),0) -> 0 | R15: =IFERROR(VLOOKUP(Vaktplan!$A$42,Vaktplan!$BO$4:$CL$35,86-AI68,FALSE),0) -> 0 | S15: =IFERROR(VLOOKUP(Vaktplan!$A$42,Vaktplan!$BO$4:$CL$35,89-$AJ68,FALSE),0) -> 0 | T15: =IF(AND(Q15=0,R15=0),0,IF(Q15<R15,((R15-Q15)*24)-S15,(((1-Q15)+R15)*24)-S15)) -> 0 | U15: =IF(AND(R15=0,V15=0),24,IF(R15=0,12+(V15*24),IF(R15<V15,((V15-R15)*24),IF(V15=0,(1-R15+0.5)*24,((1-R15)+V15)*24)))) -> 24 | V15: =IFERROR(VLOOKUP(Vaktplan!$A$42,Vaktplan!$BP$4:$CL$35,86-AK68,FALSE),0) -> 0 | W15: =IFERROR(VLOOKUP(Vaktplan!$A$42,Vaktplan!$BP$4:$CL$35,86-AJ68,FALSE),0) -> 0 | X15: =IFERROR(VLOOKUP(Vaktplan!$A$42,Vaktplan!$BP$4:$CL$35,89-$AK68,FALSE),0) -> 0 | Y15: =IF(AND(V15=0,W15=0),0,IF(V15<W15,((W15-V15)*24)-X15,(((1-V15)+W15)*24)-X15)) -> 0 | Z15: =IF(AND(W15=0,AA15=0),24,IF(W15=0,12+(AA15*24),IF(W15<AA15,((AA15-W15)*24),IF(AA15=0,(1-W15+0.5)*24,((1-W15)+AA15)*24)))) -> 24 | AA15: =IFERROR(VLOOKUP(Vaktplan!$A$42,Vaktplan!$BQ$4:$CL$35,86-AL68,FALSE),0) -> 0 | AB15: =IFERROR(VLOOKUP(Vaktplan!$A$42,Vaktplan!$BQ$4:$CL$35,86-AK68,FALSE),0) -> 0 | AC15: =IFERROR(VLOOKUP(Vaktplan!$A$42,Vaktplan!$BQ$4:$CL$35,89-$AL68,FALSE),0) -> 0 | AD15: =IF(AND(AA15=0,AB15=0),0,IF(AA15<AB15,((AB15-AA15)*24)-AC15,(((1-AA15)+AB15)*24)-AC15)) -> 0 | AE15: =IF(AND(AB15=0,AF15=0),24,IF(AB15=0,12+(AF15*24),IF(AB15<AF15,((AF15-AB15)*24),IF(AF15=0,(1-AB15+0.5)*24,((1-AB15)+AF15)*24)))) -> 24 | AF15: =IFERROR(VLOOKUP(Vaktplan!$A$42,Vaktplan!$BR$4:$CL$35,86-AM68,FALSE),0) -> 0 | AG15: =IFERROR(VLOOKUP(Vaktplan!$A$42,Vaktplan!$BR$4:$CL$35,86-AL68,FALSE),0) -> 0 | AH15: =IFERROR(VLOOKUP(Vaktplan!$A$42,Vaktplan!$BR$4:$CL$35,89-$AM68,FALSE),0) -> 0 | AI15: =IF(AND(AF15=0,AG15=0),0,IF(AF15<AG15,((AG15-AF15)*24)-AH15,(((1-AF15)+AG15)*24)-AH15)) -> 0 | AJ15: =IF($M$1=AL37,IF(AND(AG15=0,B15=0),24,IF(AG15=0,12+($B$6*24),IF(AG15<$B$6,(($B$6-AG15)*24),IF($B$6=0,(1-AG15+1)*24,((1-AG15)+$B$6)*24)))),IF(AND(AG15=0,B16=0),24,IF(AG15=0,12+(B16*24),IF(AG15<B16,((B16-AG15)*24),IF(B16=0,(1-AG15+1)*24,((1-AG15)+B16)*24))))) -> 24 | AK15: =E15+J15+O15+T15+Y15+AD15+AI15 -> 0
A16: 11 | B16: =IFERROR(VLOOKUP(Vaktplan!$A$42,Vaktplan!$BS$4:$CL$35,87-AH69,FALSE),0) -> 0 | C16: =IFERROR(VLOOKUP(Vaktplan!$A$42,Vaktplan!$BS$4:$CL$35,87-AG69,FALSE),0) -> 0 | D16: =IFERROR(VLOOKUP(Vaktplan!$A$42,Vaktplan!$BS$4:$CL$35,89-AG69,FALSE),0) -> 0 | E16: =IF(AND(B16=0,C16=0),0,IF(B16<C16,((C16-B16)*24)-D16,(((1-B16)+C16)*24)-D16)) -> 0 | F16: =IF(AND(C16=0,G16=0),24,IF(C16=0,12+(G16*24),IF(C16<G16,((G16-C16)*24),IF(G16=0,(1-C16+0.5)*24,((1-C16)+G16)*24)))) -> 24 | G16: =IFERROR(VLOOKUP(Vaktplan!$A$42,Vaktplan!$BT$4:$CL$35,86-AH69,FALSE),0) -> 0 | H16: =IFERROR(VLOOKUP(Vaktplan!$A$42,Vaktplan!$BT$4:$CL$35,86-AG69,FALSE),0) -> 0 | I16: =IFERROR(VLOOKUP(Vaktplan!$A$42,Vaktplan!$BT$4:$CL$35,89-$AH69,FALSE),0) -> 0 | J16: =IF(AND(G16=0,H16=0),0,IF(G16<H16,((H16-G16)*24)-I16,(((1-G16)+H16)*24)-I16)) -> 0 | K16: =IF(AND(H16=0,L16=0),24,IF(H16=0,12+(L16*24),IF(H16<L16,((L16-H16)*24),IF(L16=0,(1-H16+0.5)*24,((1-H16)+L16)*24)))) -> 24 | L16: =IFERROR(VLOOKUP(Vaktplan!$A$42,Vaktplan!$BU$4:$CL$35,86-AI69,FALSE),0) -> 0 | M16: =IFERROR(VLOOKUP(Vaktplan!$A$42,Vaktplan!$BU$4:$CL$35,86-AH69,FALSE),0) -> 0 | N16: =IFERROR(VLOOKUP(Vaktplan!$A$42,Vaktplan!$BU$4:$CL$35,89-$AI69,FALSE),0) -> 0 | O16: =IF(AND(L16=0,M16=0),0,IF(L16<M16,((M16-L16)*24)-N16,(((1-L16)+M16)*24)-N16)) -> 0 | P16: =IF(AND(M16=0,Q16=0),24,IF(M16=0,12+(Q16*24),IF(M16<Q16,((Q16-M16)*24),IF(Q16=0,(1-M16+0.5)*24,((1-M16)+Q16)*24)))) -> 24 | Q16: =IFERROR(VLOOKUP(Vaktplan!$A$42,Vaktplan!$BV$4:$CL$35,86-AJ69,FALSE),0) -> 0 | R16: =IFERROR(VLOOKUP(Vaktplan!$A$42,Vaktplan!$BV$4:$CL$35,86-AI69,FALSE),0) -> 0 | S16: =IFERROR(VLOOKUP(Vaktplan!$A$42,Vaktplan!$BV$4:$CL$35,89-$AJ69,FALSE),0) -> 0 | T16: =IF(AND(Q16=0,R16=0),0,IF(Q16<R16,((R16-Q16)*24)-S16,(((1-Q16)+R16)*24)-S16)) -> 0 | U16: =IF(AND(R16=0,V16=0),24,IF(R16=0,12+(V16*24),IF(R16<V16,((V16-R16)*24),IF(V16=0,(1-R16+0.5)*24,((1-R16)+V16)*24)))) -> 24 | V16: =IFERROR(VLOOKUP(Vaktplan!$A$42,Vaktplan!$BW$4:$CL$35,86-AK69,FALSE),0) -> 0 | W16: =IFERROR(VLOOKUP(Vaktplan!$A$42,Vaktplan!$BW$4:$CL$35,86-AJ69,FALSE),0) -> 0 | X16: =IFERROR(VLOOKUP(Vaktplan!$A$42,Vaktplan!$BW$4:$CL$35,89-$AK69,FALSE),0) -> 0 | Y16: =IF(AND(V16=0,W16=0),0,IF(V16<W16,((W16-V16)*24)-X16,(((1-V16)+W16)*24)-X16)) -> 0 | Z16: =IF(AND(W16=0,AA16=0),24,IF(W16=0,12+(AA16*24),IF(W16<AA16,((AA16-W16)*24),IF(AA16=0,(1-W16+0.5)*24,((1-W16)+AA16)*24)))) -> 24 | AA16: =IFERROR(VLOOKUP(Vaktplan!$A$42,Vaktplan!$BX$4:$CL$35,86-AL69,FALSE),0) -> 0 | AB16: =IFERROR(VLOOKUP(Vaktplan!$A$42,Vaktplan!$BX$4:$CL$35,86-AK69,FALSE),0) -> 0 | AC16: =IFERROR(VLOOKUP(Vaktplan!$A$42,Vaktplan!$BX$4:$CL$35,89-$AL69,FALSE),0) -> 0 | AD16: =IF(AND(AA16=0,AB16=0),0,IF(AA16<AB16,((AB16-AA16)*24)-AC16,(((1-AA16)+AB16)*24)-AC16)) -> 0 | AE16: =IF(AND(AB16=0,AF16=0),24,IF(AB16=0,12+(AF16*24),IF(AB16<AF16,((AF16-AB16)*24),IF(AF16=0,(1-AB16+0.5)*24,((1-AB16)+AF16)*24)))) -> 24 | AF16: =IFERROR(VLOOKUP(Vaktplan!$A$42,Vaktplan!$BY$4:$CL$35,86-AM69,FALSE),0) -> 0 | AG16: =IFERROR(VLOOKUP(Vaktplan!$A$42,Vaktplan!$BY$4:$CL$35,86-AL69,FALSE),0) -> 0 | AH16: =IFERROR(VLOOKUP(Vaktplan!$A$42,Vaktplan!$BY$4:$CL$35,89-$AM69,FALSE),0) -> 0 | AI16: =IF(AND(AF16=0,AG16=0),0,IF(AF16<AG16,((AG16-AF16)*24)-AH16,(((1-AF16)+AG16)*24)-AH16)) -> 0 | AJ16: =IF($M$1=AL38,IF(AND(AG16=0,B16=0),24,IF(AG16=0,12+($B$6*24),IF(AG16<$B$6,(($B$6-AG16)*24),IF($B$6=0,(1-AG16+1)*24,((1-AG16)+$B$6)*24)))),IF(AND(AG16=0,B17=0),24,IF(AG16=0,12+(B17*24),IF(AG16<B17,((B17-AG16)*24),IF(B17=0,(1-AG16+1)*24,((1-AG16)+B17)*24))))) -> 24 | AK16: =E16+J16+O16+T16+Y16+AD16+AI16 -> 0
